"","id","name","long","lat"
"1",0,"DJENONTIN ARMEL",2.3912362,6.3702928
"2",1,"ALOU LUDOVIC P AHOUA",-5.0390536,7.690466
"3",2,"KOFFI ALPHONSINE",-4.0082563,5.3599517
"4",3,"ZOGO BARNABAS",2.3912362,6.3702928
"5",4,"DUARTE ELVES",2.3912362,6.3702928
"6",5,"NGUESSAN RAPHAEL",2.3912362,6.3702928
"7",6,"MOIROUX NICOLAS",2.3912362,6.3702928
"8",7,"PENNETIER CEDRIC",2.3912362,6.3702928
"9",8,"BIGUEZOTON ABEL",-1.5285981,12.3697517
"10",9,"NOEL VALERIE",3.876716,43.610769
"11",10,"ADAKAL HASSANE",7.1036396,13.5009779
"12",11,"ZOUNGRANA SEBASTIEN",-4.3051542,11.1649219
"13",12,"CHEVILLON CHRISTINE",3.876716,43.610769
"14",13,"OXBOROUGH RICHARD M",37.4254444,-3.527647
"15",14,"KITAU JOVIN",37.4254444,-3.527647
"16",15,"MATOWO JOHNSON",37.4254444,-3.527647
"17",16,"MNDEME R",37.4254444,-3.527647
"18",17,"FESTON E",37.4254444,-3.527647
"19",18,"BOKO MICHEL",2.3912362,6.3702928
"20",19,"BOKO PELAGIE",2.3912362,6.3702928
"21",20,"ODJO ABIBA",2.3912362,6.3702928
"22",21,"METONNOU C",2.3912362,6.3702928
"23",22,"IRISH SETH",-0.1277583,51.5073509
"24",23,"MOSHA FRANKLIN W",37.4254444,-3.527647
"25",24,"ROWLAND MARK",-0.1277583,51.5073509
"26",25,"ROWLAND MARK",-0.1277583,51.5073509
"27",26,"DAMIEN GEORGIA",2.3912362,6.3702928
"28",27,"EGROT MARC",3.876716,43.610769
"29",28,"CHANDRE FABRICE",3.876716,43.610769
"30",29,"CORBEL VINCENT",2.3912362,6.3702928
"31",30,"KILLEEN GERRY F",NA,NA
"32",31,"DJEGBE INNOCENT",2.3912362,6.3702928
"33",32,"AGOSSA RODRIGUE FIACRE",2.3912362,6.3702928
"34",33,"CISSE MOUSSA B",2.3912362,6.3702928
"35",34,"JONES CHRISTOPHER M",-0.2376744,51.8097823
"36",35,"POUPARDIN RODOLPHE",-2.9436643,53.3976041
"37",36,"CORNELIE SYLVIE",2.3912362,6.3702928
"38",37,"AKOGBETO MARTIN",2.3912362,6.3702928
"39",38,"RANSON HILARY",-2.9436643,53.3976041
"40",39,"NGUFOR CORINE",-0.1277583,51.5073509
"41",40,"FAGBOHOUN JOSIAS",2.3912362,6.3702928
"42",41,"TODJINOU DAMIEN",2.3912362,6.3702928
"43",42,"MALONE DAVID",-2.9436643,53.3976041
"44",43,"ISMAIL HANAFY",-2.9436643,53.3976041
"45",44,"HOUZE SANDRINE",2.3522219,48.856614
"46",45,"HOUZE PASCAL",2.3522219,48.856614
"47",46,"BOLY MAINOUMATA DICKO",2.3912362,6.3702928
"48",47,"LE BRAS JACQUES",2.3522219,48.856614
"49",48,"DELORON PHILIPPE",2.3522219,48.856614
"50",49,"FAUCHER JEANFRANCOIS",NA,NA
"51",50,"NIELSEN MORTEN A",12.5683371,55.6760968
"52",51,"RESENDE MAFALDA",12.5683371,55.6760968
"53",52,"DE JONGH WILLEM A",12.504924,55.883514
"54",53,"DITLEV SISSE B",12.5683371,55.6760968
"55",54,"MORDMUELLER BENJAMIN",10.5806055,49.3114521
"56",55,"HOUARD SOPHIE",8.6724335,49.3987524
"57",56,"NDAM NICAISE TUIKUE",2.3522219,48.856614
"58",57,"AGERBAEK METTE O",12.5683371,55.6760968
"59",58,"HAMBORG METTE",12.5683371,55.6760968
"60",59,"MASSOUGBODJI ACHILLE",2.3912362,6.3702928
"61",60,"ISSIFOU SADDOU",2.3912362,6.3702928
"62",61,"STROBAEK ANETTE",12.504924,55.883514
"63",62,"POULSEN LARS",12.504924,55.883514
"64",63,"LEROY ODILE",8.6724335,49.3987524
"65",64,"KREMSNER PETER G",10.5806055,49.3114521
"66",65,"CHIPPAUX JEANPHILIPPE",NA,NA
"67",66,"LUTY ADRIAN J F",2.3522219,48.856614
"68",67,"THEANDER THOR G",12.5683371,55.6760968
"69",68,"DYRING CHARLOTTE",12.504924,55.883514
"70",69,"SALANTI ALI",12.5683371,55.6760968
"71",70,"DECHAVANNE SEBASTIEN",2.3522219,48.856614
"72",71,"DECHAVANNE CELIA",2.3522219,48.856614
"73",72,"PIERRAT CHARLOTTE",2.3912362,6.3702928
"74",73,"RENARD EMMANUELLE",2.3522219,48.856614
"75",74,"COSTES BRUNO",2.455572,48.790367
"76",75,"MARTIN THIBAUD",3.876716,43.610769
"77",76,"MARTIN NATACHA",2.455572,48.790367
"78",78,"LADEKPO RODOLPHE",2.3912362,6.3702928
"79",79,"AHOUANGNINOU CLAUDE",2.3912362,6.3702928
"80",80,"ALVAREZ VIOLETA MOYA",2.3522219,48.856614
"81",81,"GARCIA ANDRE",2.3522219,48.856614
"82",82,"MIGOTNABIAS FLORENCE",NA,NA
"83",83,"YAHOUEDO GILDAS A",2.3912362,6.3702928
"84",84,"DJOGBENOU LUC",2.3912362,6.3702928
"85",85,"SAIZONOU JACQUES",2.3912362,6.3702928
"86",86,"ASSOGBA BENOIT S",2.3912362,6.3702928
"87",87,"MAKOUTODE MICHEL",2.3912362,6.3702928
"88",88,"MAKOUTODE PATRICK",2.0763253,6.3716474
"89",89,"GILLES JEREMIE R L",16.3738189,48.2081743
"90",90,"MAIGA H",-8.0028892,12.6392316
"91",91,"MOULINE KARINE",-4.3051542,11.1649219
"92",92,"SOUKOU BHONNA K",2.3912362,6.3702928
"93",93,"SIMARD EDGAR P",-84.3879824,33.7489954
"94",94,"SIMARD FREDERIC",3.876716,43.610769
"95",95,"BONNET MARYLINE",5.028579,44.938181
"96",96,"BONNET JULIEN",3.876716,43.610769
"97",97,"YATES A",-0.1277583,51.5073509
"98",98,"DENOEUDNDAM L",NA,NA
"99",99,"FOURCADE CAMILLE",2.3522219,48.856614
"100",100,"AKAKPO JOCELYN",2.3912362,6.3702928
"101",101,"AFANGNIHOUN A",2.3912362,6.3702928
"102",102,"ATADOKPEDE F",2.3912362,6.3702928
"103",103,"DOSSOUGBETE L",2.6288523,6.4968574
"104",104,"PERRIN RENE XAVIER",2.3912362,6.3702928
"105",105,"GIRARD P M",NA,NA
"106",106,"ZANNOU D MARCEL",2.3912362,6.3702928
"107",108,"COT MICHEL",2.3522219,48.856614
"108",109,"CHABI NICODEME W",2.3912362,6.3702928
"109",110,"CHABI JOSEPH",2.3912362,6.3702928
"110",111,"BALDET THIERRY",2.3912362,6.3702928
"111",112,"MOUSSILIOU AZIZATH",2.3912362,6.3702928
"112",113,"SAVI DE TOVE YOLANDE SISSINTO",2.3912362,6.3702928
"113",114,"DORITCHAMOU JUSTIN",2.3912362,6.3702928
"114",115,"ALIFRANGIS MICHAEL",12.5683371,55.6760968
"115",116,"ATCHADE PASCAL S",2.3912362,6.3702928
"116",117,"HAAR ELODIE",7.7521113,48.5734053
"117",118,"PERROTEY SYLVIE",7.7521113,48.5734053
"118",119,"FILISETTI DENIS",7.7521113,48.5734053
"119",120,"ABOUBACAR AHMED",7.7521113,48.5734053
"120",121,"PFAFF ALEXANDER W",7.7521113,48.5734053
"121",122,"BRUNET JULIE",7.7521113,48.5734053
"122",123,"AKPOVI CASIMIR D",2.3912362,6.3702928
"123",124,"ANANI LUDOVIC",2.3912362,6.3702928
"124",125,"BIGOT ANDRE",2.3912362,6.3702928
"125",126,"SANNI AMBALIOU",2.3912362,6.3702928
"126",127,"CANDOLFI ERMANNO",7.7521113,48.5734053
"127",128,"ABDULLA SALIM",39.2083284,-6.792354
"128",129,"ADAM ISHAG",32.5598994,15.5006544
"129",130,"ADJEI GEORGE O",-0.1869644,5.6037168
"130",131,"ADJUIK MARTIN A",-0.1869644,5.6037168
"131",132,"ALEMAYEHU BEREKET H",38.7577605,8.9806034
"132",133,"ALLAN RICHARD",-0.1872275,51.1091401
"133",134,"ARINAITWE EMMANUEL",32.5825197,0.3475964
"134",135,"ASHLEY ELIZABETH A",98.704075,16.7751826
"135",136,"BA MAMADOU S",-17.3660286,14.7645042
"136",137,"BARENNES HUBERT",-4.3051542,11.1649219
"137",138,"BARNES KAREN I",18.4240553,-33.9248685
"138",139,"BASSAT QUIQUE",2.1734035,41.3850639
"139",140,"BAUDIN ELISABETH",2.3522219,48.856614
"140",141,"BJOERKMAN ANDERS",18.0685808,59.3293235
"141",142,"BOMPART FRANCOIS",2.344688,48.8138999
"142",143,"BORRMANN STEFFEN",39.9093269,-3.5106508
"143",144,"BOUSEMA TEUN",-0.1277583,51.5073509
"144",145,"BRASSEUR PHILIPPE",-17.3660286,14.7645042
"145",146,"BUKIRWA HASIFA",32.5825197,0.3475964
"146",147,"CHECCHI FRANCESCO",2.3522219,48.856614
"147",148,"DAHAL PRABIN",-1.2577263,51.7520209
"148",149,"DALESSANDRO UMBERTO",NA,NA
"149",150,"DESAI MEGHNA",-84.3879824,33.7489954
"150",151,"DICKO ALASSANE",-8.0028892,12.6392316
"151",152,"DJIMDE A",-8.0028892,12.6392316
"152",153,"DORSEY GRANT",-122.4194155,37.7749295
"153",154,"DOUMBO OGOBARA K",-8.0028892,12.6392316
"154",155,"DRAKELEY CHRIS J",-0.1277583,51.5073509
"155",156,"DUPARC STEPHAN",6.1431577,46.2043907
"156",157,"ESHETU TEFERI",2.1734035,41.3850639
"157",158,"ESPIE EMMANUELLE",2.3522219,48.856614
"158",159,"FAIZ ABUL M",100.5017651,13.7563309
"159",160,"FALADE CATHERINE O",3.9470396,7.3775355
"160",161,"FANELLO CATERINA I",100.5017651,13.7563309
"161",162,"FAYE BABACAR",-17.3660286,14.7645042
"162",163,"FAYE OUMAR",-17.3660286,14.7645042
"163",164,"FILLER SCOTT",6.1431577,46.2043907
"164",165,"FLEGG JENNIFER A",-1.2577263,51.7520209
"165",166,"FOFANA BAKARY",-8.0028892,12.6392316
"166",167,"FOGG CAROLE",-1.3080629,51.0576948
"167",168,"GADALLA NAHLA B",-0.1386463,51.5048258
"168",169,"GAYE ALIOUNE",-17.3660286,14.7645042
"169",170,"GAYE OUMAR",-17.3660286,14.7645042
"170",171,"GENTON BLAISE",6.6322734,46.5196535
"171",172,"GETHING PETER W",-1.2577263,51.7520209
"172",173,"GIL JOSE P",-9.1393366,38.7222524
"173",174,"GONZALEZ RAQUEL",2.1734035,41.3850639
"174",175,"GRANDESSO FRANCESCO",2.3522219,48.856614
"175",176,"GREENHOUSE BRYAN",-122.4194155,37.7749295
"176",177,"GREENWOOD BRIAN",-0.1277583,51.5073509
"177",178,"GRIVOYANNIS ANASTASIA",-122.3320708,47.6062095
"178",179,"GUERIN PHILIPPE J",-1.2577263,51.7520209
"179",180,"GUTHMANN JEANPAUL",NA,NA
"180",181,"HAMED KAMAL",-74.3647247,40.8200623
"181",182,"HAMOUR SALLY",-0.1277583,51.5073509
"182",183,"HAY SIMON I",-1.2577263,51.7520209
"183",184,"HODEL EVA MARIA",7.5885761,47.5595986
"184",185,"HUMPHREYS GEORGINA S",-1.2577263,51.7520209
"185",186,"HWANG JIMEE",-84.3879824,33.7489954
"186",187,"IBRAHIM MAMAN L",2.1253854,13.5115963
"187",188,"JIMA DADDI",38.7577605,8.9806034
"188",189,"JONES JOEL J",-10.7605239,6.2907432
"189",190,"JULLIEN VINCENT",2.3522219,48.856614
"190",191,"JUMA ELIZABETH",36.8219462,-1.2920659
"191",192,"KACHUR PATRICK S",-84.3879824,33.7489954
"192",193,"KAGER PIET A",4.8951679,52.3702157
"193",195,"KAMUGISHA ERASMUS",32.9174517,-2.5164305
"194",196,"KAMYA MOSES R",32.5825197,0.3475964
"195",197,"KAREMA CORINE",30.1044288,-1.9705786
"196",198,"KAYENTAO KASSOUM",-8.0028892,12.6392316
"197",199,"KIECHEL JEAN R",6.1431577,46.2043907
"198",200,"KIRONDE FRED",32.5825197,0.3475964
"199",201,"KOFOED POULERIK",NA,NA
"200",202,"KRISHNA SANJEEV",-0.1277583,51.5073509
"201",203,"LAMEYRE VALERIE",2.344688,48.8138999
"202",204,"LELL BERTRAND",10.5806055,49.3114521
"203",205,"LIMA ANGELES",-1.2577263,51.7520209
"204",206,"MAKANGA MICHAEL",18.4240553,-33.9248685
"205",207,"MALIK ELFATIH M",32.5598994,15.5006544
"206",208,"MALIK E F M",32.5598994,15.5006544
"207",209,"MARSH KEVIN",39.9093269,-3.5106508
"208",210,"MARTENSSON ANDREAS",18.0685808,59.3293235
"209",211,"MENAN HERVE",-4.0082563,5.3599517
"210",212,"MENARD DIDIER",104.8921668,11.5448729
"211",213,"MENENDEZ CLARA",2.1734035,41.3850639
"212",214,"MENS PETRA F",4.8951679,52.3702157
"213",215,"MEREMIKWU MARTIN",8.3417006,4.9757165
"214",216,"MOREIRA CLARISSA",-1.2577263,51.7520209
"215",217,"NABASUMBA CAROLYN",2.3522219,48.856614
"216",218,"NAMBOZI MICHAEL",28.6498144,-12.9906407
"217",219,"NDIAYE YOUSSOUPHA",-17.3660286,14.7645042
"218",220,"NDIAYE JEAN LOUIS",-17.3660286,14.7645042
"219",221,"NGASALA BILLY E",18.0685808,59.3293235
"220",222,"NIKIEMA FREDERIC",-4.3051542,11.1649219
"221",223,"NSANZABANA CHRISTIAN",-1.2577263,51.7520209
"222",224,"NTOUMI FRANCINE",9.0576448,48.5216364
"223",225,"OGUIKE MARY",-0.1277583,51.5073509
"224",226,"OGUTU BERNHARDS R",34.7679568,-0.0917016
"225",227,"OLLIARO PIERO",6.1431577,46.2043907
"226",228,"OMAR SABAH A",36.8219462,-1.2920659
"227",229,"OUEDRAOGO JEAN BOSCO",NA,NA
"228",230,"OUEDRAOGO THIERRY D A",-1.5196603,12.3714277
"229",231,"OUEDRAOGO LAURENT TINOAGA",2.0763253,6.3716474
"230",232,"OUEDRAOGO SMAILA",2.3522219,48.856614
"231",233,"PENALI LOUIS K",-17.3660286,14.7645042
"232",234,"PENE MBAYE",-17.3660286,14.7645042
"233",235,"PESHU J",39.9093269,-3.5106508
"234",236,"PIOLA PATRICE",47.5079055,-18.8791902
"235",237,"PLOWE CHRISTOPHER V",-76.6121893,39.2903848
"236",238,"PREMJI ZUL",39.2083284,-6.792354
"237",239,"PRICE RIC N",-1.2577263,51.7520209
"238",240,"RANDRIANARIVELOJOSIA MILIJAONA",47.5079055,-18.8791902
"239",241,"ROMBO LARS",18.0685808,59.3293235
"240",242,"ROPER CALLY",-0.1277583,51.5073509
"241",243,"ROSENTHAL PHILIP J",-122.4194155,37.7749295
"242",244,"SAGARA ISSAKA",-8.0028892,12.6392316
"243",245,"SAMEEKOBO ALBERT",NA,NA
"244",246,"SAWA PATRICK",34.2060283,-0.4367915
"245",247,"SCHALLIG HENK D F H",4.8951679,52.3702157
"246",248,"SCHRAMM BIRGIT",2.3522219,48.856614
"247",249,"SECK AMADOU",-17.3660286,14.7645042
"248",250,"SHEKALAGHE SEIF A",37.4254444,-3.527647
"249",251,"SIBLEY CAROL H",-1.2577263,51.7520209
"250",252,"SINOU VRONIQUE",5.36978,43.296482
"251",253,"SIRIMA SODIOMON B",-1.5196603,12.3714277
"252",254,"SOM FABRICE A",-4.3051542,11.1649219
"253",255,"SOW CHEIKH",-16.4818167,16.0326307
"254",256,"SOW DOUDOU",-17.3660286,14.7645042
"255",257,"STAEDKE SARAH G",-0.1277583,51.5073509
"256",258,"STEPNIEWSKA KASIA",-1.2577263,51.7520209
"257",259,"SUTHERLAND COLIN J",-0.1277583,51.5073509
"258",260,"SWARTHOUT TODD D",-0.1277583,51.5073509
"259",261,"SYLLA KHADIME",-17.3660286,14.7645042
"260",262,"TALISUNA AMBROSE O",36.8219462,-1.2920659
"261",263,"TAYLOR WALTER R J",6.1431577,46.2043907
"262",264,"TEMU EMMANUEL A",7.5885761,47.5595986
"263",265,"THWING JULIE I",-84.3879824,33.7489954
"264",266,"TINE ROGER C K",-17.3660286,14.7645042
"265",267,"TINTO HALIDOU",-4.3051542,11.1649219
"266",268,"TOMMASINI SILVA",12.4963655,41.9027835
"267",269,"TOURE OFFIANAN A",-4.0082563,5.3599517
"268",270,"URSING JOHAN",18.0685808,59.3293235
"269",271,"VAILLANT MICHEL T",-0.57918,44.837789
"270",272,"VALENTINI GIOVANNI",12.4963655,41.9027835
"271",273,"VAN DEN BROEK INGRID",-0.1277583,51.5073509
"272",274,"VAN VUGT MICHELE",4.8951679,52.3702157
"273",275,"WARD STEPHEN A",-2.9436643,53.3976041
"274",276,"WINSTANLEY PETER A",-1.829833,52.4750743
"275",277,"YAVO WILLIAM",-4.0082563,5.3599517
"276",278,"YEKA ADOKE",32.5825197,0.3475964
"277",279,"ZOLIA YAH M",-10.7605239,6.2907432
"278",280,"ZONGO ISSAKA",-4.3051542,11.1649219
"279",281,"GANGNARD STEPHANE",2.3522219,48.856614
"280",282,"GNIDEHOU SEDAMI",2.3522219,48.856614
"281",283,"QUIVIGER MICKAEL",2.3522219,48.856614
"282",284,"JUILLERAT ALEXANDRE",2.3522219,48.856614
"283",285,"VIWAMI FIRMINE",2.3912362,6.3702928
"284",286,"BENTLEY GRAHAM",2.3522219,48.856614
"285",287,"AIKPON ROCK",2.3912362,6.3702928
"286",288,"BORDBAR BITA",2.3522219,48.856614
"287",289,"SCHERMAN DANIEL",2.3522219,48.856614
"288",290,"BIGEY PASCAL",2.3522219,48.856614
"289",292,"DE SOUZA COMLAN",1.2313618,6.1724969
"290",293,"ROSSIGNOL MARIE",3.876716,43.610769
"291",294,"DEMETTRE EDITH",3.876716,43.610769
"292",295,"SEVENO MARTIAL",3.876716,43.610769
"293",296,"REMOUE FRANCK",2.3912362,6.3702928
"294",297,"DJOUAKA ROUSSEAU",2.3912362,6.3702928
"295",298,"IRVING HELEN",-2.9436643,53.3976041
"296",299,"TUKUR ZAINAB",8.5919561,12.0021794
"297",300,"WONDJI CHARLES S",-2.9436643,53.3976041
"298",301,"FIEVET NADINE",2.3522219,48.856614
"299",302,"GBAGUIDI GILDAS",2.3522219,48.856614
"300",303,"BORGELLA SOPHIE",2.3522219,48.856614
"301",304,"AUBOUY AGNES",2.3522219,48.856614
"302",305,"SADISSOU IBRAHIM",2.3912362,6.3702928
"303",306,"DALMEIDA TANIA C",NA,NA
"304",307,"COTTRELL GILLES",2.3522219,48.856614
"305",308,"MOREAU PHILIPPE",2.3522219,48.856614
"306",309,"MOUTAIROU KABIROU",2.3912362,6.3702928
"307",310,"FAVIER BENOIT",2.3522219,48.856614
"308",311,"ROUASFREISS NATHALIE",NA,NA
"309",312,"COURTIN DAVID",2.3522219,48.856614
"310",313,"ALOUT HAOUES",3.876716,43.610769
"311",314,"DABIRE K ROCH",-1.561593,12.238333
"312",316,"COHUET ANNA",3.876716,43.610769
"313",317,"DUCHON STEPHANE",3.876716,43.610769
"314",318,"LAPIED BRUNO",-0.563166,47.478419
"315",319,"BRIAND VALERIE",2.3522219,48.856614
"316",320,"KNOX TESSA B",6.6322734,46.5196535
"317",321,"OCHOMO ERIC O",34.7679568,-0.0917016
"318",322,"JAMET HELEN PATES",6.6322734,46.5196535
"319",323,"NDUNGO LABAN",36.8219462,-1.2920659
"320",324,"CHEGE PATRICK",36.8219462,-1.2920659
"321",325,"BAYOH NABIE M",34.7679568,-0.0917016
"322",326,"CHRISTIAN RIANN N",28.0473051,-26.2041028
"323",327,"HUNT RICHARD H",28.0473051,-26.2041028
"324",328,"COETZEE MAUREEN",28.0473051,-26.2041028
"325",329,"CAROLAN KEVIN",3.876716,43.610769
"326",330,"BABONNEAU JEREMY",-0.563166,47.478419
"327",331,"EYANGOH SARA",11.5020752,3.8480325
"328",332,"MARION ESTELLE",-0.563166,47.478419
"329",333,"AZONDEKON ROSERIC",2.3912362,6.3702928
"330",334,"GNANGUENON VIRGILE",2.3912362,6.3702928
"331",335,"GREEN MICHAEL",-84.3879824,33.7489954
"332",336,"BOSSOU ANNICK D",2.3912362,6.3702928
"333",337,"MANGELINCKX SVEN",3.7174243,51.0543422
"334",338,"YEDOMONHAN HOUNNANKPON",2.3912362,6.3702928
"335",339,"DE KIMPE NORBERT",3.7174243,51.0543422
"336",340,"AVLESSI FELICIEN",2.3912362,6.3702928
"337",341,"IBITOKOU SAMAD",2.3912362,6.3702928
"338",342,"BOSTROEM STEPHANIE",18.0685808,59.3293235
"339",343,"BRUTUS LAURENT",2.3522219,48.856614
"340",344,"VIANOU BERTIN",2.3912362,6.3702928
"341",345,"AGBOWAI CARINE",2.3912362,6.3702928
"342",346,"ZIN MARTIN AMADOUDJI",2.3912362,6.3702928
"343",347,"TROYEBLOMBERG MARITA",NA,NA
"344",348,"PAUPY C",11.5020752,3.8480325
"345",349,"DELATTE H",55.536384,-21.115141
"346",350,"BAGNY L",55.536384,-21.115141
"347",351,"FONTENILLE D",3.876716,43.610769
"348",352,"LABBE PIERRICK",3.876716,43.610769
"349",353,"ESNAULT CAROLINE",4.8901709,45.771944
"350",354,"BOULESTEIX MATTHIEU",4.8901709,45.771944
"351",355,"DUCHEMIN JEAN BERNARD",2.1253854,13.5115963
"352",356,"ROBERT VINCENT",47.5079055,-18.8791902
"353",357,"TRIPET FREDERIC",-2.0571868,52.8792745
"354",358,"DONNELLY MARTIN J",-2.9436643,53.3976041
"355",359,"BIEMONT CHRISTIAN",4.8901709,45.771944
"356",360,"MAGESA STEPHEN M",38.904164,-4.9281176
"357",361,"MALIMA ROBERT C",38.904164,-4.9281176
"358",362,"WEILL MYLENE",3.876716,43.610769
"359",363,"RAYMOND M",NA,NA
"360",364,"HOUGARD JEAN MARC",NA,NA
"361",365,"BERTIN GWLADYS",2.3522219,48.856614
"362",366,"SAGBO JEAN CLAUDE",NA,NA
"363",367,"KOSSOU HORTENSE",2.3912362,6.3702928
"364",368,"KINDEGAZARD DOROTHEE A",2.315834,9.30769
"365",369,"BODEAULIVINEC FLORENCE",NA,NA
"366",370,"BERGER JACQUES",3.876716,43.610769
"367",371,"XIONG XU",-90.0715323,29.9510658
"368",372,"DAY KAREN P",-74.0059413,40.7127837
"369",373,"GUILLET P F",NA,NA
"370",374,"COOSEMANS MARC",4.4024643,51.2194475
"371",375,"YADOULETON ANGES WILLIAM M",2.3912362,6.3702928
"372",376,"PADONOU GERAUD",2.3522219,48.856614
"373",377,"PADONOU GIL GERMAIN",2.3912362,6.3702928
"374",378,"ASIDI ALEX",2.3912362,6.3702928
"375",379,"GLITHO ISABELLE",1.2313618,6.1724969
"376",380,"MACHEVO SONIA",32.7971649,-25.3923014
"377",381,"NAHUM ALAIN",2.3912362,6.3702928
"378",382,"LYIMO JOHN",39.2083284,-6.792354
"379",383,"BASHRAHEIL MAHFUDH",39.9093269,-3.5106508
"380",384,"OUMA PETER",34.7679568,-0.0917016
"381",385,"UBBEN DAVID",6.1431577,46.2043907
"382",386,"WALTER VERENA",7.5885761,47.5595986
"383",387,"NWAIWU OBIYO",3.3792057,6.5243793
"384",388,"KIPKEU CHEMTAI",36.8219462,-1.2920659
"385",389,"LEFEVRE GILBERT",7.5885761,47.5595986
"386",390,"DADZIE SAMUEL",-0.1858291,5.6369948
"387",391,"ISRAEL DEMBA KODINDO",15.0557415,12.1348457
"388",392,"FADEL AMEN NAKEBANG",15.0557415,12.1348457
"389",393,"WILLIAMS JACOB",-120.7401386,47.7510741
"390",394,"ACHAN JANE",32.5825197,0.3475964
"391",395,"ALLEN ELIZABETH N",18.4240553,-33.9248685
"392",396,"ANVIKAR ANUPKUMAR R",77.2090212,28.6139391
"393",397,"ASIH PUJI BUDI SETIA",106.822745,-6.1744651
"394",398,"AWAB GHULAM RAHIM",100.5017651,13.7563309
"395",399,"AHLONSOU JUSTINE",2.3912362,6.3702928
"396",400,"CARRARA VERENA I",98.704075,16.7751826
"397",401,"CENCI FABIO",12.4963655,41.9027835
"398",402,"DONDORP ARJEN",100.5017651,13.7563309
"399",403,"GANSANE ADAMA",-1.5196603,12.3714277
"400",404,"HATZ CHRISTOPH",7.5885761,47.5595986
"401",405,"JANSSENS BART",4.3517211,50.8503463
"402",406,"KACHUR S PATRICK",-84.3879824,33.7489954
"403",407,"KAPULU MELISSA",39.9093269,-3.5106508
"404",408,"LEE SUE J",100.5017651,13.7563309
"405",409,"LIMA NINES",2.1734035,41.3850639
"406",410,"MAYXAY MAYFONG",102.6331035,17.9757058
"407",411,"MCGREADY ROSE",98.704075,16.7751826
"408",412,"MOCKENHAUPT FRANK P",13.404954,52.5200066
"409",413,"NEWTON P N",-1.2577263,51.7520209
"410",414,"NOSTEN FRANCOIS",98.704075,16.7751826
"411",415,"OFFIANAN ANDRE TOURE",-4.0082563,5.3599517
"412",416,"OSORIO LYDA",-76.5319854,3.4516467
"413",417,"RAMHARTER MICHAEL",-99.0494225,19.4755082
"414",418,"SMITHUIS FRANK",96.195132,16.8660694
"415",419,"SUTANTO INGE",106.822745,-6.1744651
"416",420,"SYAFRUDDIN DIN",106.822745,-6.1744651
"417",421,"TER KUILE FEIKO",-2.9436643,53.3976041
"418",422,"TJITRA EMILIANA",106.822745,-6.1744651
"419",423,"VALECHA NEENA",77.2090212,28.6139391
"420",424,"VAN HERP MICHEL",4.3517211,50.8503463
"421",425,"WHITE NICHOLAS J",100.5017651,13.7563309
"422",426,"WOODROW CHARLES J",100.5017651,13.7563309
"423",427,"ZWANG JULIEN",6.1431577,46.2043907
"424",428,"WEETMAN DAVID",-2.9436643,53.3976041
"425",429,"WILDING CRAIG S",-2.9436643,53.3976041
"426",430,"WILLIAMSON MARTIN S",-0.2376744,51.8097823
"427",431,"BLACK WILLIAM C",-105.084423,40.5852602
"428",432,"SALIFOU SAHIDOU",2.3912362,6.3702928
"429",433,"EDORH ALEODJRODO PATRICK",2.3912362,6.3702928
"430",434,"GOUISSI S G AUGUSTIN",2.3912362,6.3702928
"431",435,"AMOUSSOU ANNICK",2.3912362,6.3702928
"432",436,"GBEDANDE KOMI",2.3912362,6.3702928
"433",437,"EZINMEGNON SEM",2.3912362,6.3702928
"434",438,"ADEOTHY ADICAT",2.3912362,6.3702928
"435",439,"NOUATIN ODILON",2.3912362,6.3702928
"436",440,"VARANI STEFANIA",11.3426163,44.494887
"437",441,"HELD JANA",9.9936818,53.5510846
"438",442,"SUPAN CHRISTIAN",10.2403858,-0.7015457
"439",443,"SALAZAR CARMEN L O",10.2403858,-0.7015457
"440",444,"BONKIAN LEA N",-4.3051542,11.1649219
"441",445,"MOULERO BANCOLE",2.3912362,6.3702928
"442",446,"SIE ALI",-3.8553507,12.7430244
"443",447,"COULIBALY BOUBACAR",-3.8553507,12.7430244
"444",448,"SIRIBIE MOHAMADOU",-1.5196603,12.3714277
"445",449,"OTSYULA NEKOYE",36.8219462,-1.2920659
"446",450,"OTIENO KEPHAS",34.7679568,-0.0917016
"447",451,"OTIENO LUCAS",34.7679568,-0.0917016
"448",452,"ABDALLAH AHMED M",39.9093269,-3.5106508
"449",453,"KIMUTAI ROBERT",39.9093269,-3.5106508
"450",454,"KOMBILA MARYVONNE",9.4672676,0.4161976
"451",455,"KOIWAI KIMIKO",2.310271,48.705134
"452",456,"CANTALLOUBE CATHY",2.310271,48.705134
"453",457,"DJERIOU ELHADJ",2.310271,48.705134
"454",458,"WAITUMBI JOHN",34.7679568,-0.0917016
"455",459,"SABBAGH AUDREY",2.3522219,48.856614
"456",460,"MILET JACQUELINE",2.3522219,48.856614
"457",461,"MASSARO JULIANA D",-46.6333094,-23.5505199
"458",462,"CASTELLI ERICK C",-49.2647885,-16.6868824
"459",463,"DONADI EDUARDO A",-46.6333094,-23.5505199
"460",464,"LOKOSSOU ADJIMON G",2.3522219,48.856614
"461",465,"GUILLOTTE MICHELINE",2.3522219,48.856614
"462",466,"MERCEREAUPUIJALON ODILE",NA,NA
"463",467,"CONSTANT EDI",-2.9436643,53.3976041
"464",468,"ESSANDOH JOHN",-2.9436643,53.3976041
"465",469,"JENKINS ADAM M",-71.166187,42.3303798
"466",470,"REGNA KIMBERLY",-71.166187,42.3303798
"467",471,"KETOH GUILLAUME",1.2313618,6.1724969
"468",472,"MUSKAVITCH MARC A T",-71.0588801,42.3600825
"469",473,"GOVOETCHAN RENAUD",2.3912362,6.3702928
"470",474,"SOVI ARTHUR",2.3912362,6.3702928
"471",475,"OSSE RAZAKI",2.3912362,6.3702928
"472",476,"DIOP MALAL M",2.3912362,6.3702928
"473",477,"MILESI PASCAL",3.876716,43.610769
"474",478,"BOUSSARI OLAYIDE",2.3912362,6.3702928
"475",479,"PORCIANI ANGELIQUE",2.3912362,6.3702928
"476",480,"BERGHOUT JOANNE",-73.567256,45.5016889
"477",481,"GOMEZ SELMA",2.3912362,6.3702928
"478",482,"GROS PHILIPPE",-73.567256,45.5016889
"479",483,"RAHIMY MOHAMED CHERIF",2.3912362,6.3702928
"480",484,"DE SOUSA ALEXANDRA",6.1431577,46.2043907
"481",485,"AFFO ALPHONSE MINGNIMON",2.3912362,6.3702928
"482",486,"ROWE ALEXANDER K",-84.3879824,33.7489954
"483",487,"ONIKPO FAUSTIN",2.6288523,6.4968574
"484",488,"LAMA EUGENE KAMAN",-13.5784012,9.6411855
"485",489,"LAMA MARCEL",2.6288523,6.4968574
"486",490,"DEMING MS",-84.3879824,33.7489954
"487",491,"ATTIOUA BARTHELEMY",-4.0082563,5.3599517
"488",492,"YEO DODEHE",-4.0082563,5.3599517
"489",493,"LAGNIKA LATIFOU",2.3912362,6.3702928
"490",494,"ANTHEAUME CYRIL",7.7521113,48.5734053
"491",495,"WENIGER BERNARD",7.7521113,48.5734053
"492",496,"KAISER MARCEL",7.5885761,47.5595986
"493",497,"LOBSTEIN ANNELISE",7.7521113,48.5734053
"494",498,"VONTHRONSENECHEAU CATHERINE",NA,NA
"495",499,"BERO JOANNE",4.3517211,50.8503463
"496",500,"GANFON HABIB",2.3912362,6.3702928
"497",501,"FREDERICH MICHEL",5.5796662,50.6325574
"498",502,"GBAGUIDI FERNAND",2.3912362,6.3702928
"499",503,"DEMOL PATRICK",5.5796662,50.6325574
"500",504,"MOUDACHIROU MANSOUROU",2.3912362,6.3702928
"501",505,"SANDEU MAURICE MARCEL",2.3912362,6.3702928
"502",506,"RIVERON JACOB M",-2.9436643,53.3976041
"503",507,"YUNTA CRISTINA",-2.9436643,53.3976041
"504",508,"MENZE BENJAMIN D",-2.9436643,53.3976041
"505",509,"HEMINGWAY JANET",-2.9436643,53.3976041
"506",510,"ALBERT ARMANDO",-3.7037902,40.4167754
"507",511,"MARIE ALEXANDRA",3.876716,43.610769
"508",512,"TSAPI MAJOLINE TCHIOFFO",3.876716,43.610769
"509",513,"POINSIGNON ANNE",3.876716,43.610769
"510",514,"MORLAIS ISABELLE",11.5020752,3.8480325
"511",515,"DENOEUD LISE",2.3522219,48.856614
"512",516,"BERTHOMIEU ARNAUD",3.876716,43.610769
"513",517,"BABAMOUSSA LAMINE S",NA,NA
"514",518,"JUAREZ HENRY S",-76.9850527,-12.1920811
"515",519,"BARFOD LEA",12.5683371,55.6760968
"516",520,"DOBRILOVIC TINA",12.5683371,55.6760968
"517",521,"MAGISTRADO PAMELA",12.5683371,55.6760968
"518",522,"KHUNRAE PONGSAK",0.121817,52.205337
"519",523,"BRUUN JONAS",12.5683371,55.6760968
"520",524,"DAHLBACK MADELEINE",12.5683371,55.6760968
"521",525,"BERNASCONI NADIA L",9.0244124,46.1946216
"522",526,"FRIED MICHAL",-122.3320708,47.6062095
"523",527,"JOHN DAVIS",37.4254444,-3.527647
"524",528,"DUFFY PATRICK E",-122.3320708,47.6062095
"525",529,"LANZAVECCHIA ANTONIO",9.0244124,46.1946216
"526",530,"LIM CHWEE TECK",103.819836,1.352083
"527",531,"HIGGINS MATTHEW K",0.121817,52.205337
"528",532,"HVIID LARS",12.5683371,55.6760968
"529",533,"IWAZ JEAN",4.8901709,45.771944
"530",534,"BIOBANGANA SAHABI",2.3912362,6.3702928
"531",535,"FONTON NOEL",2.3912362,6.3702928
"532",536,"ECOCHARD RENE",4.8901709,45.771944
"533",537,"BAKARE ADEKUNLE A",3.9470396,7.3775355
"534",538,"BANKOLE HONORE S",2.3912362,6.3702928
"535",539,"DOANNIO JULIEN M C",-4.0082563,5.3599517
"536",540,"MAKAME HAMAD",39.202641,-6.165917
"537",541,"MULURE NATHAN",36.8219462,-1.2920659
"538",542,"MAMADOU OSSENATOU",4.68843,50.56515
"539",543,"BOTTERO JULIE",2.3522219,48.856614
"540",544,"LE PORT AGNES",2.3522219,48.856614
"541",545,"BOURAIMA AZIZ",2.3912362,6.3702928
"542",546,"GUERRA JOSE",2.3522219,48.856614
"543",547,"CHOUDAT ISABELLE",2.3522219,48.856614
"544",548,"FAYOMI BENJAMIN",2.3912362,6.3702928
"545",549,"AHLONSOU JUSTINE",2.3912362,6.3702928
"546",550,"ABOUBAKAR SIDICK",2.3912362,6.3702928
"547",551,"SOARES CHRISTOPHE",2.3912362,6.3702928
"548",552,"MANNO NICOLA",11.8767611,45.4064349
"549",553,"TCHIBOZO SEVERIN",2.3912362,6.3702928
"550",554,"LIST MANUELA",14.28583,48.30694
"551",555,"SCHWARZINGER BETTINA",14.28583,48.30694
"552",556,"SCHOEFBERGER WOLFGANG",14.28583,48.30694
"553",557,"SCHWARZINGER CLEMENS",14.28583,48.30694
"554",558,"PAOLETTI MAURIZIO G",11.8767611,45.4064349
"555",559,"GUIS HELENE",3.876716,43.610769
"556",560,"DRAME PAPA MAKHTAR",3.876716,43.610769
"557",561,"SAMB BADARA",-17.3660286,14.7645042
"558",562,"DIA IBRAHIMA",-17.3660286,14.7645042
"559",563,"RIVEAU GILLES",-16.4818167,16.0326307
"560",564,"KONATE LASSANA",-17.3660286,14.7645042
"561",565,"SOKHNA CHEIKH",-17.3660286,14.7645042
"562",566,"DURAND REMY",2.3522219,48.856614
"563",567,"SERINGE ELISE",2.3522219,48.856614
"564",568,"SAGBO GRATIEN",2.3912362,6.3702928
"565",569,"LALYA FRANCIS",2.3912362,6.3702928
"566",571,"BONNEFOY SERGE",2.3522219,48.856614
"567",572,"VIGNINOU ESTELLE",2.3912362,6.3702928
"568",574,"ACCROMBESSI MANFRED",2.3912362,6.3702928
"569",575,"AGBOTA GINO CEDRIC",2.3522219,48.856614
"570",576,"MASSAMBA FORTUNE",30.3954282,-29.6177092
"571",577,"TOSSA JOEL",2.6288523,6.4968574
"572",578,"JESSEN LEON",12.4949429,55.763516
"573",579,"ERMONT CAROLINE",2.3522219,48.856614
"574",580,"TRIQUI CHOUKRI",2.3522219,48.856614
"575",581,"GUITARD JULIETTE",2.3522219,48.856614
"576",582,"LUND OLE",12.4949429,55.763516
"577",583,"WANG SJ",NA,NA
"578",584,"LENGELER CHRISTIAN",NA,NA
"579",585,"SMITH THOMAS A",NA,NA
"580",586,"VOUNATSOU PENELOPE",NA,NA
"581",587,"CISSE G",2.3912362,6.3702928
"582",588,"TANNER MARCEL",NA,NA
"583",589,"GBENOU DINA",2.3912362,6.3702928
"584",590,"KOURA GHISLAIN K",2.3522219,48.856614
"585",591,"HUGARD JEAN M",2.3912362,6.3702928
"586",592,"KOITA OUSMANE A",-8.0028892,12.6392316
"587",593,"KROGSTAD DONALD J",-90.0715323,29.9510658
"588",594,"EDI CONSTANT V",-2.9436643,53.3976041
"589",595,"PAINE MARK J I",-2.9436643,53.3976041
"590",596,"KOUDOU BENJAMIN G",-4.0082563,5.3599517
"591",597,"OUSSOU OLIVIER",2.3912362,6.3702928
"592",598,"RACHAS ANTOINE",2.3522219,48.856614
"593",599,"BOUSCAILLOU JULIE",2.3522219,48.856614
"594",600,"MARTINPREVEL YVES",NA,NA
"595",601,"SUBTIL FABIEN",4.8901709,45.771944
"596",602,"PASTEUR NICOLE",3.876716,43.610769
"597",603,"HAMEL M",34.7679568,-0.0917016
"598",604,"ANDRIANO K",-74.3647247,40.8200623
"599",605,"COUSIN MARC",7.5885761,47.5595986
"600",606,"DE PALACIOS P IBARRA",7.5885761,47.5595986
"601",607,"AKPLOGAN CARINE",2.3912362,6.3702928
"602",608,"GBEDJISSI GHELUS LOUIS",2.3912362,6.3702928
"603",609,"ABDELRAHMAN TAMER",-3.1758016,51.4831955
"604",610,"ZOHOUN I",2.3912362,6.3702928
"605",611,"ODUOLA A",NA,NA
"606",612,"ERHART ANNETTE",4.4024643,51.2194475
"607",613,"AHOUNOU DANIEL",2.3912362,6.3702928
"608",614,"BONOU DESIRE",2.3912362,6.3702928
"609",615,"VAN OVERMEIR CHANTAL",4.4024643,51.2194475
"610",616,"MENTEN JORIS",4.4024643,51.2194475
"611",617,"ABIOU GRACE",2.3912362,6.3702928
"612",618,"BEHETON TODOEGNON",2.3522219,48.856614
"613",619,"OUENDO EDGARD",2.0763253,6.3716474
"614",620,"KPOVIESSI SALOME",2.3912362,6.3702928
"615",621,"AGBANI PIERRE",2.3912362,6.3702928
"616",622,"MOMBONGOMA GHYSLAIN",NA,NA
"617",623,"KAKOLWA MWAKA A",35.7516069,-6.162959
"618",624,"APONTE JOHN J",2.1734035,41.3850639
"619",625,"AKEREYDIOP DAISY",NA,NA
"620",626,"BASRA ARTI",NA,NA
"621",627,"CAPAN MESKURE",NA,NA
"622",628,"KABANYWANYI ABDUNOOR M",35.7516069,-6.162959
"623",629,"KLEINE CHRISTIAN",NA,NA
"624",630,"MACETE EUSEBIO",32.7971649,-25.3923014
"625",631,"MACKANGA JEANRODOLPHE",NA,NA
"626",633,"MAYOR ALFREDO",2.1734035,41.3850639
"627",634,"NHACOLO ARSENIO",32.7971649,-25.3923014
"628",635,"PAHLAVAN GOLBAHAR",2.1734035,41.3850639
"629",636,"RUPEREZ MARIA",2.1734035,41.3850639
"630",637,"SEVENE ESPERANCA",32.7971649,-25.3923014
"631",638,"VALA ANIFA",32.7971649,-25.3923014
"632",639,"ZOLEKOMANEGO RELLA",NA,NA
"633",640,"HOUNGUEVOU GBETOGNON",2.3522219,48.856614
"634",641,"AFFEDJOU JACQUELINE",2.3522219,48.856614
"635",642,"HOUNGBEGNON PARFAIT",2.3912362,6.3702928
"636",643,"AMOUSSOU ANNICK",2.3912362,6.3702928
"637",644,"TIONO ALFRED B",-1.5196603,12.3714277
"638",645,"ALAO MAROUFOU J",2.3912362,6.3702928
"639",646,"TSHEFU ANTOINETTE",15.2662931,-4.4419311
"640",647,"LINGANI MOUSSA",-1.5196603,12.3714277
"641",648,"JAIN JAY PRAKASH",79.7399875,15.9128998
"642",649,"HUYNH BICH TRAM",2.3522219,48.856614
"643",650,"TUNGU PATRICK K",38.904164,-4.9281176
"644",651,"ONZO ALEXIS",2.3912362,6.3702928
"645",652,"HOUEDOKOHO ARNAUD F",2.6090043,9.3466822
"646",653,"HANNA RACHID",2.3912362,6.3702928
"647",654,"JOHNSON ELIZABETH K",-122.3320708,47.6062095
"648",655,"MEVO BLAISE GUEZO",1.8855057,6.4096168
"649",656,"AMOUSSA ROUKIYATH",2.3912362,6.3702928
"650",657,"THEISEN MICHAEL",12.5683371,55.6760968
"651",658,"REMARQUE EDMOND J",4.3219738,52.0376977
"652",659,"NUEL GREGORY",2.3522219,48.856614
"653",661,"AZEHOUN JUDICAEL P",2.3912362,6.3702928
"654",662,"VAN STRAALEN NICO M",4.8951679,52.3702157
"655",663,"VAN HATTUM BERT",4.8951679,52.3702157
"656",664,"SWART KEES",4.8951679,52.3702157
"657",665,"VAN GESTEL CORNELIS A M",4.8951679,52.3702157
"658",666,"MOSQUEIRA BEATRIZ",-0.3762881,39.4699075
"659",667,"CARNEVALE PIERRE",3.876716,43.610769
"660",668,"AMEDOME HYACINTHE",2.3912362,6.3702928
"661",669,"TOKPONNON FILEMON T",2.3912362,6.3702928
"662",670,"OKE MARIAM",2.3912362,6.3702928
"663",671,"ADECHOUBOU ALIOUN",2.3912362,6.3702928
"664",672,"KNOLS BART G J",5.6653948,51.9691868
"665",673,"ROMANO ANTONINO",NA,NA
"666",674,"WATIER LAURENCE",2.188703,48.846066
"667",675,"CEESAY SERIGN JAWO",-16.5790323,13.4548761
"668",676,"OKEBE JOSEPH",-16.5790323,13.4548761
"669",677,"TAAL MAKIE",-16.5790323,13.4548761
"670",678,"KEITA MOUSSA",-13.5784012,9.6411855
"671",679,"KOIVOGUI LAMINE",-13.5784012,9.6411855
"672",680,"BOJANG KALIFA",-16.5790323,13.4548761
"673",681,"SONKO AJA ADAM JAGNE",-16.5790323,13.4548761
"674",682,"LALYA HONORAT FRANCIS",2.3912362,6.3702928
"675",683,"BRABIN BERNARD",-2.9436643,53.3976041
"676",684,"LADSOUS R",2.3522219,48.856614
"677",685,"TABEAUD M",2.3522219,48.856614
"678",686,"ROGIER CHRISTOPHE",5.36978,43.296482
"679",687,"PORCHER RAPHAEL",2.3522219,48.856614
"680",688,"KOMONGUI DIDIER G",2.3912362,6.3702928
"681",689,"KAUR H",-0.1277583,51.5073509
"682",690,"DARRIET FREDERIC",3.876716,43.610769
"683",691,"AIZOUN NAZAIRE",2.3912362,6.3702928
"684",692,"GIBSON GABRIELLA",0.5217254,51.2787075
"685",693,"SAWADOGO SIMON",-4.3051542,11.1649219
"686",694,"COSTANTINI CARLO",4.3880661,48.9405377
"687",695,"DIABATE ABDOULAYE",-4.3051542,11.1649219
"688",696,"SATOGUINA JUDITH",-16.6910322,13.4696557
"689",697,"NWAKANMA DAVIS C",-16.6910322,13.4696557
"690",698,"WEST SHEILA",-76.6121893,39.2903848
"691",699,"CONWAY DAVID J",-0.1277583,51.5073509
"692",700,"SEZONLIN MICHEL",2.3912362,6.3702928
"693",701,"BEACH RAYMOND",-84.3879824,33.7489954
"694",702,"BESNARD PATRICK",13.5610451,-12.3757287
"695",703,"LE MIRE JACQUES",13.5610451,-12.3757287
"696",704,"FORTES FILOMENO",13.2894368,-8.8399876
"697",705,"SEMBENE MBACKE",-17.3660286,14.7645042
"698",706,"SIMONDON FRANCOIS",4.835659,45.764043
"699",707,"DUVIGNAUD ALEXANDRE",2.3522219,48.856614
"700",708,"AGOSSOU KOMLAN V",2.3912362,6.3702928
"701",709,"POIRIER PHILIPPE",3.087025,45.777222
"702",710,"ARNOUX LYDIA",7.7521113,48.5734053
"703",711,"FALANGA PB",NA,NA
"704",712,"NOUKPO HERBERT",2.3912362,6.3702928
"705",713,"YAMEOGO BIENVENUE",-4.3051542,11.1649219
"706",714,"COUTURIER AUDE",2.3522219,48.856614
"707",715,"MIREKU MICHAEL O",2.3522219,48.856614
"708",716,"DAVIDSON LESLIE L",-74.0059413,40.7127837
"709",717,"BOIVIN MICHAEL J",-84.4838654,42.7369792
"710",718,"ZOUMENOU ROMEO",2.3912362,6.3702928
"711",719,"OESTERHOLT MAYKE",5.8372264,51.8125626
"712",720,"BOSTROM STEPHANIE",18.0685808,59.3293235
"713",721,"SCHMIEGELOW CHRISTENTZE",12.5683371,55.6760968
"714",722,"MINJA DANIEL",39.1023228,-5.0888751
"715",723,"LUSINGU JOHN",39.1023228,-5.0888751
"716",724,"SAGNA ANDRE BAREMBAYE",-16.4818167,16.0326307
"717",725,"SARR JEAN BIRAM",3.883455,43.6043824
"718",726,"GAAYEB LOBNA",-16.4818167,16.0326307
"719",727,"NDIATH MAMADOU OUSMANE",-17.3660286,14.7645042
"720",728,"HERMANN EMMANUEL",3.057256,50.62925
"721",729,"FAYE NGOR",-17.3660286,14.7645042
"722",730,"SCOTT SUSANA",-16.6910322,13.4696557
"723",731,"RUIZENDAAL ESMEE",4.8951679,52.3702157
"724",732,"PAGNONI FRANCO",6.1431577,46.2043907
"725",733,"GRIETENS KOEN PEETERS",4.4024643,51.2194475
"726",734,"TAYLOR STEVE M",-78.898619,35.9940329
"727",735,"KENGUELE HILAIRE M",10.2403858,-0.7015457
"728",736,"MKALI HAPPY",38.898941,-6.4456338
"729",737,"MWANGOKA GRACE",38.898941,-6.4456338
"730",738,"SINGH JAI PRAKASH NARAYAN",77.2090212,28.6139391
"731",739,"CLARK MARTHA A",-79.0558445,35.9131996
"732",740,"VERWEIJ JACO J",4.4970097,52.1601144
"733",741,"ADEGNIKA AYOLA A",10.2403858,-0.7015457
"734",742,"SEVERINI CARLO",12.4963655,41.9027835
"735",743,"MENEGON MICHELA",12.4963655,41.9027835
"736",744,"CISTERO PAU",1.5208624,41.5911589
"737",745,"NJIE FANTA",-16.5790323,13.4548761
"738",746,"AFFARA MUNA",-16.5790323,13.4548761
"739",747,"KARIUKI SIMON",34.7679568,-0.0917016
"740",748,"MESHNICK STEVEN R",-79.0558445,35.9131996
"741",749,"LOUIS STEPHANIE",2.3522219,48.856614
"742",750,"DIAWARA HERMINE ZIME",4.3517211,50.8503463
"743",751,"HOSMALIN ANNE",2.3522219,48.856614
"744",752,"ATTOLOU ROSELINE",2.3912362,6.3702928
"745",753,"BADIROU KEFILATH",2.3912362,6.3702928
"746",754,"ANAGONOU RODRIGUE",2.3912362,6.3702928
"747",755,"AGBANRINYOUSSOUF RAMZIATH",2.3912362,6.3702928
"748",756,"TAVUL LIVINGSTONE",145.7856324,-5.2218841
"749",757,"JENNISON CHARLIE",144.963056,-37.813611
"750",758,"TAHAR RACHIDA",2.3522219,48.856614
"751",759,"GAMBOA DIONICIA",-76.2710833,-12.2720956
"752",760,"BENDEZU JORGE",-76.2710833,-12.2720956
"753",761,"BARRY ALYSSA E",144.963056,-37.813611
"754",762,"ETANG JOSIANE",11.5020752,3.8480325
"755",763,"BRENGUES CECILE",3.876716,43.610769
"756",764,"FINN TIMOTHY P",-90.0715323,29.9510658
"757",765,"DERY GILBERT",-0.8484524,9.4329186
"758",766,"BINEY EKOW",-0.1869644,5.6037168
"759",767,"KEDOTE MARIUS",2.3912362,6.3702928
"760",768,"OKUMU FREDROS O",37.670589,-6.8303731
"761",769,"ADEOGUN ADEDAPO",3.3792057,6.5243793
"762",770,"AWOLOLA SAM",3.3792057,6.5243793
"763",771,"STRODE CLARE",-2.9436643,53.3976041
"764",772,"SUBRAMANIAM KRISHANTHI",-2.9436643,53.3976041
"765",773,"FONGNIKIN AUGUSTIN",2.3912362,6.3702928
"766",774,"CARLO COSTANTINI",-4.3051542,11.1649219
"767",775,"JOSEPH CHABI",2.3912362,6.3702928
"768",776,"DOSSOUGBETE V",NA,NA
"769",779,"KUDOM ANDREAS A",-1.2794744,5.13151
"770",780,"AUDIBERT MARTINE",3.087025,45.777222
"771",781,"HOUNKONNOU MAHOUTON NORBERT",2.3912362,6.3702928
"772",782,"HOUNKONNOU N",2.3912362,6.3702928
"773",783,"SALAKO ALBERT",2.3912362,6.3702928
"774",784,"AGOSSOU CHRISTIAN",-104.990251,39.7392358
"775",785,"BALANCA GILLES",3.876716,43.610769
"776",786,"CHEVALIER VERONIQUE",3.876716,43.610769
"777",787,"CHAFFA EVELYNE",2.3912362,6.3702928
"778",788,"YAMADJAKO SANDRA",2.3912362,6.3702928
"779",789,"NDILLE EMMANUEL ELANGA",2.3912362,6.3702928
"780",790,"ATIELI FRANCES",34.7679568,-0.0917016
"781",791,"AHOLOUKPE BRUNO",2.3912362,6.3702928
"782",792,"DIVE GEORGES",5.5796662,50.6325574
"783",793,"EVRARD BRIGITTE",5.5796662,50.6325574
"784",794,"BADAUT CYRIL",2.3522219,48.856614
"785",795,"DRABO MAXIME KOINE",-1.5196603,12.3714277
"786",796,"SOGLOHOUN CRESPIN THEODORE",2.6636066,6.9832415
"787",797,"PARAISO NOEL MOUSSILIOU",2.0763253,6.3716474
"788",798,"THIEBAUT ANNE",2.188703,48.846066
"789",799,"DOSSANTOS MARIA A",NA,NA
"790",800,"FOUMANE VINCENT",11.5020752,3.8480325
"791",801,"PIAMEU MICHAEL",11.5020752,3.8480325
"792",802,"SIDICK IBRAHIM",2.3912362,6.3702928
"793",803,"YADAV RAJPAL",6.1431577,46.2043907
"794",804,"PIGEON OLIVIER",4.68843,50.56515
"795",805,"AZAGNANDJI CARMINE",2.3912362,6.3702928
"796",806,"BELLO MOURCHIDATH",2.3912362,6.3702928
"797",807,"MAYE AMBROISINE",2.3468195,6.4503024
"798",808,"VAN LOEN HARRY",4.4024643,51.2194475
"799",809,"RABARIJAONA LEON P",47.5079055,-18.8791902
"800",810,"NDYIAE MOUHAMED",-17.3660286,14.7645042
"801",811,"HASSAN JACQUES",2.3912362,6.3702928
"802",812,"LAMBO NILDA",47.5079055,-18.8791902
"803",813,"ADOVOHEKPE PAUL",2.3912362,6.3702928
"804",814,"GUIDETTI FLAVIA",-17.3660286,14.7645042
"805",815,"RECHT JUDITH",-74.0059413,40.7127837
"806",816,"BUSTOS DORINA",121.0384987,14.4183645
"807",817,"CLAIN JEROME",2.3522219,48.856614
"808",818,"VAFA MANIJEH",18.0685808,59.3293235
"809",819,"AGNEW PHILIP",3.876716,43.610769
"810",820,"RONCA RAFFAELE",14.2681244,40.8517746
"811",821,"LOMBARDO FABRIZIO",12.4963655,41.9027835
"812",822,"FIORENTINO GABRIELLA",14.2681244,40.8517746
"813",823,"ARCA BRUNO",14.2681244,40.8517746
"814",824,"LICZNAR PATRICIA",-0.563166,47.478419
"815",825,"LINES JONATHAN",6.1431577,46.2043907
"816",826,"NKUNI ZINGA JOSE",6.1431577,46.2043907
"817",827,"DE SOUZA J",2.3912362,6.3702928
"818",828,"AKPLOGAN S",2.3912362,6.3702928
"819",829,"LAWSON J",2.3912362,6.3702928
"820",830,"PY J Y",1.909251,47.902964
"821",832,"MITCHELL SARA N",-2.9436643,53.3976041
"822",833,"RIGDEN DANIEL J",-2.9436643,53.3976041
"823",834,"LU FANG",-2.9436643,53.3976041
"824",835,"MAYANS OLGA",-2.9436643,53.3976041
"825",836,"TAMBO ERNEST",121.473701,31.230416
"826",837,"ADEDEJI AHMED ADEBOWALE",30.2051096,-0.4870918
"827",838,"NOUKPO JULIEN M",2.3912362,6.3702928
"828",839,"LOUMEDJINON FRANCK",2.3912362,6.3702928
"829",840,"DAOUDOU MESSANH",2.3912362,6.3702928
"830",841,"KOUWAYE BIENVENUE",2.3912362,6.3702928
"831",842,"LAVSTSEN THOMAS",12.5683371,55.6760968
"832",843,"GUILLONNEAU FRANCOIS",2.3522219,48.856614
"833",844,"WANG CHRISTIAN W",12.5683371,55.6760968
"834",845,"JESPERSEN JAKOB S",12.5683371,55.6760968
"835",846,"MOUCHET FRANCOIS",3.876716,43.610769
"836",847,"KAMAN LAMA EUGENE",-13.5784012,9.6411855
"837",848,"BOHISSOU FRANCIS",2.3912362,6.3702928
"838",849,"TOLNO BENOIT GNIOUMA",-13.5784012,9.6411855
"839",850,"BANGOURA NFALY",-10.7492466,10.0451022
"840",851,"BURGAIN AURORE",2.3522219,48.856614
"841",852,"WAKPO ABEL",2.3912362,6.3702928
"842",853,"KENDJO ERIC",2.3522219,48.856614
"843",854,"AZANDOSSESSI CHRISTIAN",2.3912362,6.3702928
"844",855,"LAWANI SOULIATOU",2.3912362,6.3702928
"845",856,"SOUKOU KOFFI BHONNA",2.3912362,6.3702928
"846",857,"SAAL JESSICA",2.3522219,48.856614
"847",858,"GHAFARI CALINE",2.3522219,48.856614
"848",859,"ZEITLIN JENNIFER",2.3522219,48.856614
"849",860,"TOE LEA PARE",-4.3051542,11.1649219
"850",861,"TOE KOBIE HYACINTHE",-1.561593,12.238333
"851",862,"OGOUWALE EULOGE",2.3468195,6.4503024
"852",864,"GBADOE ADAMA D",1.2313618,6.1724969
"853",865,"DANDONA LALIT",-122.3320708,47.6062095
"854",866,"SALOMON JOSHUA A",-71.1097335,42.3736158
"855",867,"FOREMAN KYLE",-0.1277583,51.5073509
"856",868,"JOHNSON ELIZABETH K",-122.3320708,47.6062095
"857",869,"ABERA SEMAW FEREDE",39.465738,13.4935504
"858",870,"ABRAHAM JERRY P",-98.4936282,29.4241219
"859",871,"ABUBAKAR IBRAHIM",-0.1277583,51.5073509
"860",872,"ACHOKI TOM",25.9231471,-24.6282079
"861",873,"ADEYEMO AUSTINE OLUFEMI",-13.2317225,8.4656765
"862",874,"ADOU ARSENE KOUABLAN",-4.0082563,5.3599517
"863",875,"ADSUAR JOSE C",-6.3724247,39.4752765
"864",876,"AGARDH EMILIE ELISABET",18.0685808,59.3293235
"865",877,"AKENA DICKENS",32.5825197,0.3475964
"866",878,"AL KAHBOURI MAZIN J",58.4059227,23.58589
"867",879,"ALASFOOR DEENA",58.4059227,23.58589
"868",880,"ALBITTAR MOHAMMED I",36.2765279,33.5138073
"869",881,"ANGEL ALEGRETTI MIGUEL",-56.1645314,-34.9011127
"870",882,"ALEMU ZEWDIE ADERAW",37.7343987,10.3296345
"871",883,"ALHABIB SAMIA",46.6752957,24.7135517
"872",884,"ALI RAGHIB",-1.2577263,51.7520209
"873",885,"ALLA FRANCOIS",6.184417,48.692054
"874",886,"ALLEN PETER J",-88.9413865,17.0984445
"875",887,"ALSHARIF UBAI",13.404954,52.5200066
"876",888,"ALVAREZ ELENA",-3.7037902,40.4167754
"877",889,"AMANKWAA ADANSI A",-73.7562317,42.6525793
"878",890,"AMARE AZMERAW T",6.5665018,53.2193835
"879",891,"AMINI HASSAN",47.1362125,35.9553579
"880",892,"AMMAR WALID",35.5017767,33.8937913
"881",893,"ANDERSON BENJAMIN O",-122.3320708,47.6062095
"882",894,"ANTONIO CARL ABELARDO T",120.9842195,14.5995124
"883",895,"ANWARI PALWASHA",69.207486,34.5553494
"884",896,"ARNLOV JOHAN",17.6389267,59.8585638
"885",897,"ARSENIJEVIC VALENTINA S ARSIC",20.4489216,44.786568
"886",898,"ARTAMAN ALI",-83.0363633,42.3149367
"887",899,"ASGHAR RANA J",73.0931461,33.7293882
"888",900,"ASSADI REZA",59.6167549,36.2604623
"889",901,"ATKINS LYDIA S",-60.9874687,14.0101094
"890",902,"BADAWI ALAA",-79.3831843,43.653226
"891",903,"BALAKRISHNAN KALPANA",78.6568942,11.1271225
"892",904,"BANERJEE AMITAVA",-1.829833,52.4750743
"893",905,"BASU SANJAY",-122.1660756,37.424106
"894",906,"BEARDSLEY JUSTIN",106.6296638,10.8230989
"895",907,"BEKELE TOLESA",39.9761012,7.0115716
"896",908,"BELL MICHELLE L",-72.9278835,41.308274
"897",909,"BERNABE EDUARDO",-0.1277583,51.5073509
"898",910,"BEYENE TARIKU JIBAT",38.7577605,8.9806034
"899",911,"BHALA NEERAJ",174.776236,-41.2864603
"900",912,"BHALLA ASHISH",76.7794179,30.7333148
"901",913,"BHUTTA ZULFIQAR A",36.8219462,-1.2920659
"902",914,"BIN ABDULHAK AREF",-94.5785667,39.0997265
"903",915,"BINAGWAHO AGNES",30.1044288,-1.9705786
"904",916,"BLORE JED D",144.963056,-37.813611
"905",917,"BASARA BERRAK BORA",32.8597419,39.9333635
"906",918,"BOSE DIPAN",-120.7401386,47.7510741
"907",919,"BRAININ MICHAEL",15.60384,48.40999
"908",920,"BREITBORDE NICHOLAS",-110.926479,32.2217429
"909",921,"CHADHA VINEET K",75.7138884,15.3172775
"910",922,"COLOMAR MERCEDES",-56.1645314,-34.9011127
"911",923,"COOPER LESLIE TRUMBULL",-77.6109219,43.16103
"912",924,"COOPER CYRUS",-1.3080629,51.0576948
"913",925,"COURVILLE KAREN J",-80.7214417,7.7704282
"914",926,"COWIE BENJAMIN C",144.963056,-37.813611
"915",927,"CRIQUI MICHAEL H",-117.1610838,32.715738
"916",928,"DANDONA RAKHI",77.2090212,28.6139391
"917",929,"DAYAMA ANAND",-84.3879824,33.7489954
"918",930,"DE LEO DIEGO",153.0251235,-27.4697707
"919",931,"DEGENHARDT LOUISA",151.2092955,-33.8688197
"920",932,"DERIBE KEBEDE",38.7577605,8.9806034
"921",933,"DES JARLAIS DON C",-74.0059413,40.7127837
"922",934,"DESSALEGN MULUKEN",38.7577605,8.9806034
"923",935,"DHARMARATNE SAMATH D",80.593833,7.2698653
"924",936,"DILMEN UGUR",32.8597419,39.9333635
"925",937,"DING ERIC L",-71.1097335,42.3736158
"926",938,"DRISCOLL TIM R",151.2092955,-33.8688197
"927",939,"DURRANI ADNAN M",-86.2999689,32.3668052
"928",940,"ELLENBOGEN RICHARD G",-122.3320708,47.6062095
"929",941,"ERMAKOV SERGEY PETROVICH",37.6173,55.755826
"930",942,"ESTEGHAMATI ALIREZA",51.3889736,35.6891975
"931",943,"FARAON EMERITO JOSE A",120.9842195,14.5995124
"932",944,"FARZADFAR FARSHAD",51.3889736,35.6891975
"933",945,"FIJABI DANIEL OBADARE",-71.2356113,42.3764852
"934",946,"PALEO URBANO FRA",-6.3724247,39.4752765
"935",947,"GAFFIKIN LYNNE",-122.1660756,37.424106
"936",948,"GAMKRELIDZE AMIRAN",44.827096,41.7151377
"937",949,"GANKPE FORTUNE GBETOHO",2.7779813,9.5340864
"938",950,"GELEIJNSE JOHANNA M",5.6653948,51.9691868
"939",951,"GESSNER BRADFORD D",2.3522219,48.856614
"940",952,"GIBNEY KATHERINE B",144.963056,-37.813611
"941",953,"GINAWI IBRAHIM ABDELMAGEEM MOHAMED",41.7208243,27.5114102
"942",954,"GLASER ELIZABETH L",-71.2356113,42.3764852
"943",955,"GONA PHILIMON",-71.8022934,42.2625932
"944",956,"GOTO ATSUSHI",139.6917064,35.6894875
"945",957,"GOUDA HEBE N",153.0251235,-27.4697707
"946",958,"GUGNANI HARISH CHANDER",-68.2623822,12.2018902
"947",959,"GUPTA RAJEEV",74.2179326,27.0238036
"948",960,"HAMADEH RANDAH RIBHI",50.5860497,26.2285161
"949",961,"HAMMAMI MOUHANAD",-83.0457538,42.331427
"950",962,"HANKEY GRAEME J",115.8604572,-31.9505269
"951",963,"HARB HILDA L",35.5017767,33.8937913
"952",964,"MARIA HARO JOSEP",2.1734035,41.3850639
"953",965,"HAVMOELLER RASMUS",18.0685808,59.3293235
"954",966,"HEDAYATI MOHAMMAD T",52.5318604,36.2262393
"955",967,"HEREDIA PI ILEANA B",-99.1013498,18.6813049
"956",968,"HOEK HANS W",4.3006999,52.0704978
"957",969,"HORNBERGER JOHN C",-122.1817252,37.4529598
"958",970,"HOSGOOD H DEAN",-73.8648268,40.8447819
"959",971,"HOTEZ PETER J",-95.3698028,29.7604267
"960",972,"HOY DAMIAN G",153.0251235,-27.4697707
"961",973,"HUANG JOHN J",-72.9278835,41.308274
"962",974,"IBURG KIM M",10.203921,56.162939
"963",975,"IDRISOV BULAT T",-71.2356113,42.3764852
"964",976,"INNOS KAIRE",24.7535746,59.4369608
"965",977,"JACOBSEN KATHRYN H",-77.3063733,38.8462236
"966",978,"JEEMON PANNIYAMMAKAL",77.2090212,28.6139391
"967",979,"JENSEN PAUL N",-122.3320708,47.6062095
"968",980,"JHA VIVEKANAND",76.7794179,30.7333148
"969",981,"JIANG GUOHONG",117.200983,39.084158
"970",982,"JONAS JOST B",8.4660395,49.4874592
"971",983,"JUEL KNUD",12.5683371,55.6760968
"972",984,"KAN HAIDONG",121.473701,31.230416
"973",985,"KANKINDI IDA",30.1044288,-1.9705786
"974",986,"KARAM NADIM E",35.5017767,33.8937913
"975",987,"KARCH ANDRE",10.5267696,52.2688736
"976",988,"KAUL ANIL",-95.992775,36.1539816
"977",989,"KAWAKAMI NORITO",139.6917064,35.6894875
"978",990,"KAZI DHRUV S",-122.4194155,37.7749295
"979",991,"KEMP ANDREW H",-46.6333094,-23.5505199
"980",992,"KENGNE ANDRE PASCAL",21.8568586,-33.2277918
"981",993,"KEREN ANDRE",35.21371,31.768319
"982",994,"KERESELIDZE MAIA",44.827096,41.7151377
"983",995,"KHADER YOUSEF SALEH",36.0086971,32.5609226
"984",996,"KHALIFA SHAMS ELDIN ALI HASSAN",51.5310398,25.2854473
"985",997,"KHAN EJAZ AHMED",72.7097161,31.1704063
"986",998,"KHONELIDZE IRMA",44.827096,41.7151377
"987",999,"KINFU YOHANNES",149.1300092,-35.2809368
"988",1000,"KINGE JONAS M",10.7522454,59.9138688
"989",1001,"KNIBBS LUKE",153.0251235,-27.4697707
"990",1002,"KOKUBO YOSHIHIRO",135.5021651,34.6937378
"991",1003,"KOSEN S",106.822745,-6.1744651
"992",1004,"DEFO BARTHELEMY KUATE",-73.567256,45.5016889
"993",1005,"KULKARNI VEENA S",-90.704279,35.8422967
"994",1006,"KULKARNI CHANDA",75.7138884,15.3172775
"995",1007,"KUMAR G ANIL",77.2090212,28.6139391
"996",1008,"KUMAR KAUSHALENDRA",75.7138884,19.7514798
"997",1009,"KUMAR RAVI B",76.085601,29.0587757
"998",1010,"KWAN GENE F",-71.0588801,42.3600825
"999",1011,"LAI TAAVI",24.7535746,59.4369608
"1000",1012,"BALAJI ARJUN LAKSHMANA",144.963056,-37.813611
"1001",1013,"LAM HILTON",120.9842195,14.5995124
"1002",1014,"LAN QING",-77.1527578,39.0839973
"1003",1015,"LANSINGH VAN C",-80.3997748,26.1003654
"1004",1016,"LARSON HEIDI J",-0.1279597,51.5218962
"1005",1017,"LARSSON ANDERS",17.6389267,59.8585638
"1006",1018,"LEIGH JAMES",151.2092955,-33.8688197
"1007",1019,"LEINSALU MALL",24.7535746,59.4369608
"1008",1020,"LEUNG RICKY",-73.742898,42.6425794
"1009",1021,"LI YICHONG",116.407395,39.904211
"1010",1022,"LI YONGMEI",-122.4194155,37.7749295
"1011",1023,"FERREIRA DE LIMA GRACA MARIA",-8.6291053,41.1579438
"1012",1024,"LIPSHULTZ STEVEN E",-80.1917902,25.7616798
"1013",1025,"LIU SHIWEI",116.407395,39.904211
"1014",1026,"LIU YANG",-84.3879824,33.7489954
"1015",1027,"LLOYD BELINDA K",144.963056,-37.813611
"1016",1028,"LOTUFO PAULO A",-46.6333094,-23.5505199
"1017",1029,"PEDRO MACHADO VASCO MANUEL",-8.6291053,41.1579438
"1018",1030,"MACLACHLAN JENNIFER H",144.963056,-37.813611
"1019",1031,"MAJDAN MAREK",17.5833218,48.3709108
"1020",1032,"MAPOMA CHRISTOPHER CHABILA",28.3228165,-15.3875259
"1021",1033,"MARCENES WAGNER",-0.1277583,51.5073509
"1022",1034,"BARRIEOTOS MARZAN MELVIN",121.0437003,14.6760413
"1023",1035,"MASCI JOSEPH R",-87.9403418,41.8994744
"1024",1036,"MASHAL MOHAMMAD TAUFIQ",69.207486,34.5553494
"1025",1037,"MAYOSI BONGANI M",21.8568586,-33.2277918
"1026",1038,"MAZORODZE TASARA T",25.5207358,-33.7139247
"1027",1039,"MCKAY ABIGAIL CECILIA",-88.1962133,17.5045661
"1028",1040,"MEANEY PETER A",-75.1652215,39.9525839
"1029",1041,"MEHNDIRATTA MAN MOHAN",77.2090212,28.6139391
"1030",1042,"MELAKU YOHANNES ADAMA",39.465738,13.4935504
"1031",1043,"MEMISH ZIAD A",46.6752957,24.7135517
"1032",1044,"MENDOZA WALTER",-76.2710833,-12.2720956
"1033",1045,"MILLER TED R",-72.7434331,40.9064873
"1034",1046,"MILLS EDWARD J",-75.6971931,45.4215296
"1035",1047,"MOHAMMAD KARZAN ABDULMUHSIN",44.0088697,36.2062933
"1036",1048,"MOLA GLEN LIDDELL",147.1506542,-9.4780123
"1037",1049,"MONASTA LORENZO",13.7768182,45.6495264
"1038",1050,"MONTICO MARCELLA",13.7768182,45.6495264
"1039",1051,"MOORE AMI R",-97.1330683,33.2148412
"1040",1052,"MORI RINTARO",139.6917064,35.6894875
"1041",1053,"MOTURI WILKISTER NYAORA",36.5835875,-1.0878135
"1042",1054,"MUKAIGAWARA MITSURU",139.6917064,35.6894875
"1043",1055,"MURTHY KINNARI S",77.2090212,28.6139391
"1044",1056,"NAHEED ALIYA",90.4125181,23.810332
"1045",1057,"NAIDOO KOVIN S",30.8958242,-28.5305539
"1046",1058,"NALDI LUIGI",9.6772698,45.6982642
"1047",1059,"NANGIA VINAY",75.7138884,19.7514798
"1048",1060,"NARAYAN K M VENKAT",-84.3879824,33.7489954
"1049",1061,"NASH DENIS",-74.0059413,40.7127837
"1050",1062,"NEJJARI CHAKIB",-5.0078451,34.0181246
"1051",1063,"NELSON ROBERT G",-112.0740373,33.4483771
"1052",1064,"NEUPANE SUDAN PRASAD",10.7522454,59.9138688
"1053",1065,"NEWTON CHARLES R",39.9093269,-3.5106508
"1054",1066,"NISAR MUHAMMAD IMRAN",67.0099388,24.8614622
"1055",1067,"NOLTE SANDRA",13.404954,52.5200066
"1056",1068,"NORHEIM OLE F",5.3220544,60.3912628
"1057",1069,"NOWASEB VINCENT",17.0657549,-22.5608807
"1058",1070,"NYAKARAHUKA LUKE",32.5825197,0.3475964
"1059",1071,"OHKUBO TAKAYOSHI",139.6917064,35.6894875
"1060",1072,"OLUSANYA BOLAJOKO O",3.3792057,6.5243793
"1061",1073,"OMER SAAD B",-84.3879824,33.7489954
"1062",1074,"OPIO JOHN NELSON",32.9437667,2.2316169
"1063",1075,"ORISAKWE ORISH EBERE",6.9209135,4.8580767
"1064",1076,"PANDIAN JEYARAJ D",75.3412179,31.1471305
"1065",1077,"PAPACHRISTOU CHRISTINA",13.404954,52.5200066
"1066",1078,"PATERNINA CAICEDO ANGEL J",-75.4794257,10.3910485
"1067",1079,"PATTEN SCOTT B",-114.0708459,51.0486151
"1068",1080,"PAUL VINOD K",77.2090212,28.6139391
"1069",1081,"PAVLIN BORIS IGOR",147.1896126,-9.4293625
"1070",1082,"PEARCE NEIL",-0.1279597,51.5218962
"1071",1083,"PEREIRA DAVID M",-8.426507,41.5454486
"1072",1084,"PERVAIZ ASLAM",72.7097161,31.1704063
"1073",1085,"PESUDOVS KONRAD",138.6007456,-34.9284989
"1074",1086,"PETZOLD MAX",11.97456,57.70887
"1075",1087,"POURMALEK FARSHAD",-123.1207375,49.2827291
"1076",1088,"QATO DIMA",-87.6297982,41.8781136
"1077",1089,"QUEZADA AMADO D",-99.1013498,18.6813049
"1078",1090,"QUISTBERG D ALEX",-122.3320708,47.6062095
"1079",1091,"RAFAY ANWAR",72.7097161,31.1704063
"1080",1092,"RAHIMI KAZEM",-1.2577263,51.7520209
"1081",1093,"RAHMAN SAJJAD UR",51.5310398,25.2854473
"1082",1094,"RAJU MURUGESAN",-81.0348144,34.0007104
"1083",1095,"RANA SALEEM M",72.7097161,31.1704063
"1084",1096,"RAZAVI HOMIE",-85.7584557,38.2526647
"1085",1097,"REILLY ROBERT QUENTIN",142.7027956,-20.9175738
"1086",1098,"REMUZZI GIUSEPPE",9.6772698,45.6982642
"1087",1099,"RICHARDUS JAN HENDRIK",4.4777325,51.9244201
"1088",1100,"RONFANI LUCA",13.7768182,45.6495264
"1089",1101,"ROY NOBHOJIT",75.7138884,19.7514798
"1090",1102,"SABIN NSANZIMANA",30.1044288,-1.9705786
"1091",1103,"SAEEDI MOHAMMAD YAHYA",46.6752957,24.7135517
"1092",1104,"SAHRAIAN MOHAMMAD ALI",51.3889736,35.6891975
"1093",1105,"SAMONTE GENESIS MAY J",121.0222565,14.6090537
"1094",1106,"SAWHNEY MONIKA",-82.445154,38.4192496
"1095",1107,"SCHNEIDER IONE J C",-50.2188556,-27.2423392
"1096",1108,"SCHWEBEL DAVID C",-86.80249,33.5206608
"1097",1109,"SEEDAT SORAYA",18.4240553,-33.9248685
"1098",1110,"SEPANLOU SADAF G",51.3889736,35.6891975
"1099",1111,"SHEIKHBAHAEI SARA",51.3889736,35.6891975
"1100",1112,"SHIBUYA KENJI",139.6917064,35.6894875
"1101",1113,"SHIN HWASHIN HYUN",-75.6971931,45.4215296
"1102",1114,"SHIUE IVY",-3.105353,55.8745653
"1103",1115,"SHIVAKOTI RUPAK",-76.6121893,39.2903848
"1104",1116,"SIGFUSDOTTIR INGA DORA",-21.8174393,64.1265206
"1105",1117,"SILBERBERG DONALD H",-75.1652215,39.9525839
"1106",1118,"SILVA ANDREA P",-58.3815591,-34.6036844
"1107",1119,"SINGH JASVINDER A",-86.80249,33.5206608
"1108",1120,"SKIRBEKK VEGARD",10.7522454,59.9138688
"1109",1121,"SLIWA KAREN",18.4240553,-33.9248685
"1110",1122,"SONEJI SAMIR",-76.4113497,40.3409251
"1111",1123,"SOSHNIKOV SERGEY S",37.6173,55.755826
"1112",1124,"SREERAMAREDDY CHANDRASHEKHAR T",101.5183469,3.0738379
"1113",1125,"STATHOPOULOU VASILIKI KALLIOPI",-0.492866,46.84246
"1114",1126,"STROUMPOULIS KONSTANTINOS",23.7275388,37.9838096
"1115",1127,"SWAMINATHAN SOUMYA",78.6568942,11.1271225
"1116",1128,"SYKES BRYAN L",-87.6297982,41.8781136
"1117",1129,"TABB KAREN M",-88.2433829,40.1164204
"1118",1130,"TALONGWA ROBERTO TCHIO",11.5020752,3.8480325
"1119",1131,"TENKORANG ERIC YEBOAH",-66.0633081,45.2733153
"1120",1132,"TERKAWI ABDULLAH SULIEMAN",-78.4766781,38.0293059
"1121",1133,"THOMSON ALAN J",-123.3656444,48.4284207
"1122",1134,"TOWBIN JEFFREY A",-84.5120196,39.1031182
"1123",1135,"TRAEBERT JEFFERSON",-48.6701406,-27.6460201
"1124",1136,"TRAN BACH X",-76.6121893,39.2903848
"1125",1137,"DIMBUENE ZACHARIE TSALA",15.2662931,-4.4419311
"1126",1138,"TSILIMBARIS MILTIADIS",25.1442126,35.3387352
"1127",1139,"UCHENDU UCHE S",-120.7401386,47.7510741
"1128",1140,"UKWAJA KINGSLEY N",8.1120116,6.3230608
"1129",1141,"UZUN SELEN BEGUM",32.8597419,39.9333635
"1130",1142,"VALLELY ANDREW J",151.2092955,-33.8688197
"1131",1143,"VASANKARI TOMMI J",23.7609535,61.4977524
"1132",1144,"VENKETASUBRAMANIAN N",103.819836,1.352083
"1133",1145,"VIOLANTE FRANCESCO S",11.3426163,44.494887
"1134",1146,"VLASSOV VASILIY VICTOROVICH",37.6173,55.755826
"1135",1147,"VOLLSET STEIN EMIL",10.7522454,59.9138688
"1136",1148,"WALLER STEPHEN",-77.0947092,38.984652
"1137",1149,"WALLIN MITCHELL T",-120.7401386,47.7510741
"1138",1150,"WANG LINHONG",116.407395,39.904211
"1139",1151,"WANG XIAORONG",117.12,36.651216
"1140",1152,"WANG YANPING",104.066801,30.572816
"1141",1153,"WEICHENTHAL SCOTT",-75.6971931,45.4215296
"1142",1154,"WEIDERPASS ELISABETE",18.0685808,59.3293235
"1143",1155,"WEINTRAUB ROBERT G",144.963056,-37.813611
"1144",1156,"WESTERMAN RONNY",8.7667933,50.8021728
"1145",1157,"WHITE RICHARD A",10.7522454,59.9138688
"1146",1158,"WILKINSON JAMES D",-80.1917902,25.7616798
"1147",1159,"WILLIAMS THOMAS NEIL",-0.1277583,51.5073509
"1148",1160,"WOLDEYOHANNES SOLOMON MESERET",37.4521319,12.6030181
"1149",1161,"WONG JOHN Q",121.0222565,14.6090537
"1150",1162,"XU GELIN",118.763232,32.061707
"1151",1163,"YANG YONG C",-79.0558445,35.9131996
"1152",1164,"YANO YUICHIRO",139.8835651,36.565725
"1153",1165,"YENTUR GOKALP KADRI",32.8597419,39.9333635
"1154",1166,"YIP PAUL",114.109497,22.396428
"1155",1167,"YONEMOTO NAOHIRO",139.6917064,35.6894875
"1156",1168,"YOUNIS MUSTAFA",-90.1848103,32.2987573
"1157",1169,"YU CHUANHUA",114.305393,30.593099
"1158",1170,"JIN KIM YUN",103.7413591,1.492659
"1159",1171,"ZAKI MAYSAA EL SAYED",31.3784704,31.0409483
"1160",1172,"ZHAO YONG",106.551556,29.56301
"1161",1173,"ZHENG YINGFENG",113.266531,23.132191
"1162",1174,"ZHOU MAIGENG",116.407395,39.904211
"1163",1175,"ZHU JUN",104.066801,30.572816
"1164",1176,"ZOU XIAO NONG",116.407395,39.904211
"1165",1177,"LOPEZ ALAN D",144.963056,-37.813611
"1166",1178,"AHOUANDJINOU ELLA",2.3912362,6.3702928
"1167",1179,"DOSSA ROMAIN",2.3912362,6.3702928
"1168",1180,"SALAMI LAMIDHI",1.3806902,10.2963526
"1169",1181,"TJALSMA HAROLD",5.8372264,51.8125626
"1170",1182,"WIEGERINCK ERWIN",5.8372264,51.8125626
"1171",1183,"TANNO TOSHIHIKO",-77.0947092,38.984652
"1172",1184,"HURRELL R",8.541694,47.3768866
"1173",1185,"HOUNHOUTGAN JOSEPH",2.3912362,6.3702928
"1174",1186,"ZIMMERMANN MICHAEL B",5.6653948,51.9691868
"1175",1187,"DEGNONVI HORACE",2.3912362,6.3702928
"1176",1188,"HOWARD ANNABEL F V",5.6653948,51.9691868
"1177",1189,"KOENRAADT CONSTANTIANUS J M",5.6653948,51.9691868
"1178",1190,"FARENHORST MARIT",5.6653948,51.9691868
"1179",1191,"TAKKEN WILLEM",5.6653948,51.9691868
"1180",1192,"THOMAS MATTHEW B",74.3781741,31.5328815
"1181",1193,"SALLAS W M",-74.3647247,40.8200623
"1182",1194,"NOEL HAROLD",2.3522219,48.856614
"1183",1195,"MASSE VIRGINIE",2.3522219,48.856614
"1184",1196,"CORDEL HUGUES",2.3522219,48.856614
"1185",1197,"AYEMONNA PAUL",2.0763253,6.3716474
"1186",1198,"DEME AWA BINETA",-17.3660286,14.7645042
"1187",1199,"ASSOHOU CONSTANCE",2.3912362,6.3702928
"1188",1200,"TCHONLIN DIDIER",2.3912362,6.3702928
"1189",1201,"MAMA ATIKA",2.3912362,6.3702928
"1190",1202,"HOUNKPE VIRGILE OLIVIER",2.6288523,6.4968574
"1191",1203,"MOUTOUAMA JULES DOUMITOU",1.2650349,10.6227552
"1192",1204,"NDIAYE DAOUDA",-17.3660286,14.7645042
"1193",1205,"DIAP GRACIELA",6.1431577,46.2043907
"1194",1206,"HASUGIAN ARMEDY RONNY",106.822745,-6.1744651
"1195",1207,"IBRAHIM LAMINOU M",2.1253854,13.5115963
"1196",1208,"PINOGES LORETXU",2.3522219,48.856614
"1197",1209,"RWAGACONDO CLAUDE EMILE",-17.3660286,14.7645042
"1198",1210,"SHARMA BHAWNA",77.2090212,28.6139391
"1199",1211,"SMITH JEFFERY J",100.5017651,13.7563309
"1200",1212,"TARNING JOEL",-1.2577263,51.7520209
"1201",1213,"CHENE ARNAUD",2.3522219,48.856614
"1202",1214,"GAMAIN BENOIT",2.3522219,48.856614
"1203",1215,"ZEE JOHN",-71.2079809,46.8138783
"1204",1216,"WILLIAMS C J",-117.0001651,46.7323875
"1205",1217,"LAFIA K B",2.3912362,6.3702928
"1206",1218,"DEVLEESSCHAUWER B",4.3517211,50.8503463
"1207",1219,"BERKVENS D",4.4024643,51.2194475
"1208",1220,"DOS ANJOS ANTONIO",-8.5376926,37.13617
"1209",1221,"FORT PHILIPPE",3.876716,43.610769
"1210",1222,"OSTERHOLT DAWN M",-84.3879824,33.7489954
"1211",1223,"ANSTEY N M",130.8456418,-12.4634403
"1212",1224,"DAVIS T M E",115.822,-31.986
"1213",1225,"KARUNAJEEWA H A",144.963056,-37.813611
"1214",1226,"MUELLER I",144.963056,-37.813611
"1215",1227,"KONE M",-4.0082563,5.3599517
"1216",1228,"TOURE A O",-4.0082563,5.3599517
"1217",1229,"KHANTHAVONG M",102.6331035,17.9757058
"1218",1230,"WORKMAN L J",18.4240553,-33.9248685
"1219",1231,"ALIU P",7.5885761,47.5595986
"1220",1232,"COULIBALY OUSMANE N",2.3912362,6.3702928
"1221",1233,"GUITARD EVELYNE",1.444209,43.604652
"1222",1234,"ZOLEKO RELLA MANEGO",10.2403858,-0.7015457
"1223",1235,"TENKORANG OFORI",-0.1869644,5.6037168
"1224",1236,"INKOOM EBENEZER",-0.1869644,5.6037168
"1225",1237,"RAVELOMANANTENA HANTAMALALA V",47.5079055,-18.8791902
"1226",1238,"NJARASOA SABRINA",47.5079055,-18.8791902
"1227",1239,"WHANG JEREMIAH NEE",-0.1869644,5.6037168
"1228",1240,"NDIAYE MOUHAMED",-17.3660286,14.7645042
"1229",1241,"AKADIRI GUINOUSSA",2.3912362,6.3702928
"1230",1242,"KUBALALIKA PRESTOR",35.0264253,-15.7964322
"1231",1243,"MATHANGA DON",35.0264253,-15.7964322
"1232",1244,"BIZUNEH KETEMA",33.7741195,-13.9626121
"1233",1245,"RANDRIASAMIMANANA JEAN RENE",47.5079055,-18.8791902
"1234",1246,"DODOO ALEXANDER",-0.1869644,5.6037168
"1235",1247,"GUYONNET LEA",2.3522219,48.856614
"1236",1248,"ADAMOU RAFIOU",2.3522219,48.856614
"1237",1249,"SONON PAULIN",2.3912362,6.3702928
"1238",1250,"GOMEZ MARINELY B",2.3912362,6.3702928
"1239",1251,"ELANGA EMMANUEL",2.3912362,6.3702928
"1240",1252,"ALLAGBE HYACINTHE",2.3912362,6.3702928
"1241",1253,"MATHIEU ROMAIN BLANC",5.724524,45.188529
"1242",1254,"SELIOR SERGE",2.3912362,6.3702928
"1243",1255,"REYNAUD STEPHANE",5.724524,45.188529
"1244",1256,"YEBAKIMA ANDRE",-61.024174,14.641528
"1245",1258,"BERTICAT CLAIRE",3.876716,43.610769
"1246",1259,"ALMELLI TALLEH",2.3522219,48.856614
"1247",1260,"AHOUANSOU CHARLES",2.3912362,6.3702928
"1248",1261,"DENON ERIC Y",2.3912362,6.3702928
"1249",1262,"BOKOSSA ALEXIS",2.3912362,6.3702928
"1250",1263,"BRUCE JANE",-0.1277583,51.5073509
"1251",1264,"ALLABI AUREL",2.3912362,6.3702928
"1252",1265,"BUSIA KOFI",-4.3051542,11.1649219
"1253",1266,"BELLINI ROMEO",11.148594,44.7200288
"1254",1267,"BENEDICT MARK Q",12.3908279,43.1107168
"1255",1268,"BHEECARRY AMBICADUTT",57.5265289,-20.3170872
"1256",1269,"BOSSIN HERVE CHRISTOPHE",-149.4260421,-17.6509195
"1257",1270,"CHADEE DAVE D",-61.3997773,10.6473412
"1258",1271,"CHARLWOOD JACQUES",12.579774,55.756381
"1259",1272,"GATO RENE",-82.3665956,23.1135925
"1260",1273,"GOUAGNA LOUIS CLEMENT",55.4859363,-20.9190923
"1261",1274,"KHAN SHAKIL AHMED",90.4125181,23.810332
"1262",1275,"KOEKEMOER LIZETTE L",28.0473051,-26.2041028
"1263",1276,"LEMPERIERE GUY",55.4859363,-20.9190923
"1264",1277,"MANOUKIS NICHOLAS C",-155.0884869,19.7070942
"1265",1278,"MOZURAITIS RAIMONDAS",18.0685808,59.3293235
"1266",1279,"PITTS R JASON",-86.7816016,36.1626638
"1267",1280,"AYALA DIEGO",3.876716,43.610769
"1268",1281,"SHIJA FORTUNATE",-2.7044052,53.7632254
"1269",1282,"MISINZO GERALD",37.670589,-6.8303731
"1270",1283,"KADDUMUKASA MARTHA",32.463708,0.0511839
"1271",1284,"ANYAELE OKORIE",3.9470396,7.3775355
"1272",1285,"HARRIS ANGELA",-81.2408689,19.3221698
"1273",1286,"HLAING THAUNG",96.195132,16.8660694
"1274",1287,"PRAKASH ANIL",77.412615,23.2599333
"1275",1288,"LUTWAMA JULIUS",32.463708,0.0511839
"1276",1289,"FEDERICI CHRISTIAN",2.3522219,48.856614
"1277",1290,"HOUNKPATIN BENJAMIN",2.3912362,6.3702928
"1278",1291,"SANOGO EDITH",-1.5196603,12.3714277
"1279",1292,"SAMUELSEN HELLE",12.5683371,55.6760968
"1280",1293,"CZAJKOWSKI TONNY",12.5683371,55.6760968
"1281",1294,"TCHINDA ALEMBERT T",11.5020752,3.8480325
"1282",1295,"GBENOU JOACHIM",2.3912362,6.3702928
"1283",1296,"DOUCOURE SOULEYMANE",3.876716,43.610769
"1284",1297,"MISSE DOROTHEE",3.876716,43.610769
"1285",1298,"YESSOUFOU AKADIRI",2.3912362,6.3702928
"1286",1299,"TCHIGOSSOU GENEVIEVE",2.3912362,6.3702928
"1287",1300,"AKOTON ROMARIC",2.3912362,6.3702928
"1288",1301,"TAMO MANUELE",2.3912362,6.3702928
"1289",1302,"MANYONG VICTOR",39.2083284,-6.792354
"1290",1303,"IMOROU YACOUBOU",2.3912362,6.3702928
"1291",1304,"KRUDSOOD SRIVICHA",100.5017651,13.7563309
"1292",1305,"FERNANDES SILKE",-0.1277583,51.5073509
"1293",1306,"KUWAWENARUWA AUGUST",39.2083284,-6.792354
"1294",1307,"KATANA ABRAHAM",34.7679568,-0.0917016
"1295",1308,"SLUSTKER LAURENCE",-84.3879824,33.7489954
"1296",1309,"HANSON KARA",-0.1277583,51.5073509
"1297",1310,"BASSOLE IMAEL H N",-1.5196603,12.3714277
"1298",1311,"BASENE HARCOURT I",3.9470396,7.3775355
"1299",1312,"POPOOLA O K",3.9470396,7.3775355
"1300",1313,"YAWSON ALEXANDER E",-0.1869644,5.6037168
"1301",1314,"MAWEJJE HENRY D",32.5825197,0.3475964
"1302",1315,"FIELD STUART G",-105.084423,40.5852602
"1303",1316,"LEHMANN T",-77.1527578,39.0839973
"1304",1317,"OUMBOUKE WELBECK A",2.3912362,6.3702928
"1305",1318,"AGOSSOU VIDEHOUENOU K",2.3912362,6.3702928
"1306",1319,"JOEST HANNA",9.9936818,53.5510846
"1307",1320,"SRINIVASAN RAMASAMY",120.2270277,22.9997281
"1308",1321,"BONAVENTURE DIANA",2.3522219,48.856614
"1309",1322,"CARRIEU AMBRE",2.3522219,48.856614
"1310",1323,"AGUEMON A",2.3912362,6.3702928
"1311",1324,"KAROU SIMPLICE D",1.2313618,6.1724969
"1312",1325,"SANON SOULEYMANE",-1.5196603,12.3714277
"1313",1326,"LAPOUMEROULIE CLAUDINE",2.3522219,48.856614
"1314",1327,"HAUCHECORNE MICHELLE",2.3522219,48.856614
"1315",1328,"ZACCARIA ISABELLE",2.3522219,48.856614
"1316",1329,"DUCROCQ ROLANDE",2.3522219,48.856614
"1317",1330,"KRISHNAMOORTHY RAJAGOPAL",2.3522219,48.856614
"1318",1331,"ELION JACQUES",2.3522219,48.856614
"1319",1332,"IMRIE HEATHER",-1.2577263,51.7520209
"1320",1333,"DAILY JOHANNA",-71.0588801,42.3600825
"1321",1334,"MCVEAN GIL",-1.2577263,51.7520209
"1322",1335,"LICCIARDI SEVERINE",2.3912362,6.3702928
"1323",1336,"SASI PHILIP",39.9093269,-3.5106508
"1324",1337,"BECK HANS PETER",7.5885761,47.5595986
"1325",1340,"ROBERTSON SHAWN P",-78.6381787,35.7795897
"1326",1341,"NWILENE FRANCIS E",3.9470396,7.3775355
"1327",1342,"MARIN PHILIPPE",3.876716,43.610769
"1328",1343,"OGOUYEMI AURORE HOUNTO",2.3468195,6.4503024
"1329",1344,"SISSINTO YOLANDE",2.3468195,6.4503024
"1330",1345,"KLEINSCHMIDT IMMO",-0.1277583,51.5073509
"1331",1346,"HOUNGBEME CHRISTOPHE HOUNTON",2.3912362,6.3702928
"1332",1347,"GOODMAN CATHERINE",-0.1277583,51.5073509
"1333",1348,"ZINSOU CYPRIEN",2.3912362,6.3702928
"1334",1349,"AKULAYI LOUIS",15.2662931,-4.4419311
"1335",1350,"RAHARINJATOVO JACKY",47.5079055,-18.8791902
"1336",1351,"AROGUNDADE EKUNDAYO",7.4949471,9.0276198
"1337",1352,"BUYUNGO PETER",32.5825197,0.3475964
"1338",1353,"MPASELA FELTON",28.3228165,-15.3875259
"1339",1354,"ADJIBABI CHERIFATOU BELLO",2.3912362,6.3702928
"1340",1355,"AGBANGO JEAN ANGBALU",15.2662931,-4.4419311
"1341",1356,"RAMAROSANDRATANA BENJAMIN FANOMEZANA",47.5079055,-18.8791902
"1342",1357,"COKER BABAJIDE",7.398574,9.0764785
"1343",1358,"RUBAHIKA DENIS",32.5825197,0.3475964
"1344",1359,"HAMAINZA BUSIKU",28.3228165,-15.3875259
"1345",1360,"CHAPMAN STEVEN",-120.7401386,47.7510741
"1346",1361,"CHAVASSE DESMOND",36.8219462,-1.2920659
"1347",1362,"ARGY NICOLAS",2.3522219,48.856614
"1348",1363,"SALNOT VIRGINIE",2.3522219,48.856614
"1349",1364,"LADIPO YELE",2.3912362,6.3702928
"1350",1365,"ALAO JULES M",2.3912362,6.3702928
"1351",1366,"HOUESSOU LAURENT G",2.3912362,6.3702928
"1352",1367,"LOUGBEGNON TOUSSAINT O",2.3912362,6.3702928
"1353",1368,"TEKA OSCAR",2.3912362,6.3702928
"1354",1369,"FREDERIC PAGES",5.36978,43.296482
"1355",1370,"DIAWARA HERMINE ZIME",4.3517211,50.8503463
"1356",1371,"LECLERCQ JOELLE QUETIN",4.3517211,50.8503463
"1357",1374,"DIALLO ABDOULAYE",2.3522219,48.856614
"1358",1375,"DOS SANTOS STEPHANIE",-17.3660286,14.7645042
"1359",1376,"MACHAULT VANESSA",1.444209,43.604652
"1360",1377,"LALOU RICHARD",5.36978,43.296482
"1361",1378,"NWANE PHILIPPE",11.5020752,3.8480325
"1362",1379,"KVALSVIG J",31.0218404,-29.8586804
"1363",1380,"HOUHOUIGAN J",2.3912362,6.3702928
"1364",1381,"MWANGI A",36.8219462,-1.2920659
"1365",1382,"WELTZIEN E",-8.0028892,12.6392316
"1366",1383,"BOY E",-120.7401386,47.7510741
"1367",1384,"ATOYEBI SEUN M",2.3912362,6.3702928
"1368",1385,"KIEFER SABINE",7.5885761,47.5595986
"1369",1386,"PHOK SOCHEA",104.8921668,11.5448729
"1370",1387,"ESCOLANO SYLVIE",2.359279,48.792716
"1371",1388,"JOURNOT VALERIE",-0.57918,44.837789
"1372",1389,"KHELIOUEN NABILA",2.3522219,48.856614
"1373",1390,"MOUKOKO ELSE C EBOUMBOU",5.36978,43.296482
"1374",1391,"TASSIBA ESTHER M",2.3912362,6.3702928
"1375",1392,"MOHAMED ALY",-0.563166,47.478419
"1376",1393,"MNZAVA ABRAHAM PETER",6.1431577,46.2043907
"1377",1394,"KAFY HMOODA TOTO",32.5598994,15.5006544
"1378",1395,"MBOGO CHARLES",39.9093269,-3.5106508
"1379",1396,"BASHIR ADAM ISMAIL",32.5598994,15.5006544
"1380",1397,"BIGOGA JUDE",11.5020752,3.8480325
"1381",1398,"RAGHAVENDRA KAMARAJU",77.1024902,28.7040592
"1382",1399,"FONDJO ETIENNE",11.5020752,3.8480325
"1383",1400,"KOUAMBENG CELESTIN",11.5020752,3.8480325
"1384",1401,"BHATT RAJENDRA",77.1024902,28.7040592
"1385",1402,"SWAIN DIPAK K",77.1024902,28.7040592
"1386",1403,"KINYARI TERESA",36.8219462,-1.2920659
"1387",1404,"NJAGI KIAMBO",36.8219462,-1.2920659
"1388",1405,"MUTHAMI LAWRENCE",36.8219462,-1.2920659
"1389",1406,"HOUNTO AURORE",2.3912362,6.3702928
"1390",1407,"ELMARDI KHALID",32.5598994,15.5006544
"1391",1408,"KAMAU LUNA",36.8219462,-1.2920659
"1392",1409,"MATHENGE EVAN",36.8219462,-1.2920659
"1393",1410,"FARCE MANON",3.876716,43.610769
"1394",1411,"BEN GELOUN JOSEPH",2.3912362,6.3702928
"1395",1412,"BRAIMA JAMES",2.3912362,6.3702928
"1396",1413,"HOUNGNIHIN ROCH",2.3468195,6.4503024
"1397",1414,"BAXERRES CARINE",2.3522219,48.856614
"1398",1415,"TOPANOU ELSA",2.3912362,6.3702928
"1399",1416,"GARBA OLIVIA",2.3912362,6.3702928
"1400",1417,"ELEGBE PANCRAS",2.3912362,6.3702928
"1401",1418,"HOUNTOHOTEGBE TATIANA",2.3912362,6.3702928
"1402",1419,"ADEHAN S",2.3912362,6.3702928
"1403",1420,"DAYO G K",NA,NA
"1404",1421,"FAROUGOU S",2.3912362,6.3702928
"1405",1422,"HUYNH B T",NA,NA
"1406",1423,"ROMBY A",2.3912362,6.3702928
"1407",1424,"DODERERLANG C",NA,NA
"1408",1425,"MECKERT L",7.7521113,48.5734053
"1409",1426,"BERENSRIHA N",NA,NA
"1410",1427,"ETARD J F",NA,NA
"1411",1428,"OWUSUAGYEI S",NA,NA
"1412",1429,"FAURE G",2.3522219,48.856614
"1413",1430,"BARON B",NA,NA
"1414",1431,"HUYNH B T",NA,NA
"1415",1432,"GUEZOMEVO B",NA,NA
"1416",1433,"KRAWICERADANNE I",NA,NA
"1417",1434,"GUEGAN J F",NA,NA
"1418",1435,"OKEAGBO FREDERIC",2.3912362,6.3702928
"1419",1436,"HOUEVOESSA S",2.3912362,6.3702928
"1420",1437,"SOHOUNHLOUE D C K",2.3912362,6.3702928
"1421",1438,"REDDY B P N",78.6568942,22.9734229
"1422",1439,"MAXWELL C",NA,NA
"1423",1440,"MWINGIRA V",NA,NA
"1424",1441,"KINIFFO R",NA,NA
"1425",1442,"ITOH T",NA,NA
"1426",1443,"APPAWU M A",-0.1858291,5.6369948
"1427",1444,"KERAHHINZOUMBE C",NA,NA
"1428",1445,"ADIMAZOYA M",-0.1893072,5.6483935
"1429",1446,"GOUISSI F M",2.3912362,6.3702928
"1430",1447,"SEDJAME A R",2.3912362,6.3702928
"1431",1448,"BOUYOUAKOTET M",NA,NA
"1432",1449,"DINBELL C",NA,NA
"1433",1450,"TERMINASSIAN D",NA,NA
"1434",1451,"VIGANWOMAS I",NA,NA
"1435",1452,"MARTINHERROU H",NA,NA
"1436",1453,"IDAGHDOUR Y",-73.567256,45.5016889
"1437",1454,"QUINLAN J",-73.567256,45.5016889
"1438",1455,"GOULET J P",NA,NA
"1439",1456,"GBEHA E",-73.567256,45.5016889
"1440",1457,"BRUAT V",-73.567256,45.5016889
"1441",1458,"DE MALLIARD T",-73.567256,45.5016889
"1442",1459,"GRENIER J C",NA,NA
"1443",1460,"AWADALLA P",-73.567256,45.5016889
"1444",1461,"HARISOLO R",-4.0082563,5.3599517
"1445",1462,"JONVILLE M C",NA,NA
"1446",1463,"QUETINLECLERCQ J",NA,NA
"1447",1464,"IBRAHIM S S",-2.9436643,53.3976041
"1448",1465,"BOISSIERE A",3.876716,43.610769
"1449",1466,"AWONOAMBENE P H",NA,NA
"1450",1467,"MAKOUNDOU P",3.876716,43.610769
"1451",1468,"FISTONLAVIER A S",NA,NA
"1452",1469,"BELKHIR K",3.876716,43.610769
"1453",1470,"HERMANS M",NA,NA
"1454",1471,"AKOEGNINOU A",NA,NA
"1455",1472,"VAN DER MAESEN L J G",NA,NA
"1456",1473,"TONNANG H E Z",36.8219462,-1.2920659
"1457",1474,"TCHOUASSI D P",36.8219462,-1.2920659
"1458",1475,"IGWETA L K",36.8219462,-1.2920659
"1459",1476,"HONNOUVO G",NA,NA
"1460",1477,"DE LA MOTTE L G",4.68843,50.56515
"1461",1478,"DE LIGNE A",4.68843,50.56515
"1462",1479,"HEINESCH B",4.68843,50.56515
"1463",1480,"AUBINET M",4.68843,50.56515
"1464",1481,"LIYANAPATHIRANA M",-2.9436643,53.3976041
"1465",1482,"ENGHOFF H",12.5683371,55.6760968
"1466",1483,"HENRY M C",NA,NA
"1467",1484,"ANDRIANTSOANIRINA V",2.439712,48.908612
"1468",1485,"LUNGIAMBUDILA O",15.2662931,-4.4419311
"1469",1486,"DIALLO D A",NA,NA
"1470",1487,"MTASIWA D",NA,NA
"1471",1488,"TEKLEHAIMANOT A",NA,NA
"1472",1489,"CAMBON N",NA,NA
"1473",1490,"MUELLER E A",NA,NA
"1474",1492,"GLELEKAKAI C",NA,NA
"1475",1493,"GARBARZ M",NA,NA
"1476",1494,"LECOMTE M C",NA,NA
"1477",1495,"LEBORGNE S",NA,NA
"1478",1496,"GALAND C",NA,NA
"1479",1497,"BOURNIER O",NA,NA
"1480",1498,"DEVAUX I",NA,NA
"1481",1499,"GAUTERO H",NA,NA
"1482",1500,"GALLAGHER P G",NA,NA
"1483",1501,"FORGET B G",NA,NA
"1484",1502,"DHERMY D",NA,NA
"1485",1503,"MISSIHOUN T",NA,NA
"1486",1504,"ADJOBIMEY T",NA,NA
"1487",1505,"EDAYE I",NA,NA
"1488",1506,"ABLEY S",NA,NA
"1489",1507,"GBOTOSHO G",NA,NA
"1490",1508,"HAPPI C",NA,NA
"1491",1509,"KPADONOUKPOVIESSI B",NA,NA
"1492",1510,"SINSIN B",NA,NA
"1493",1511,"ACCROMBESSI G",2.3912362,6.3702928
"1494",1512,"BAGLO T",NA,NA
"1495",1513,"OUEDRAOGO A",-1.5196603,12.3714277
"1496",1515,"PAZOU E Y A",2.3912362,6.3702928
"1497",1516,"MASCOMA S",NA,NA
"1498",1517,"GOURMEL B",NA,NA
"1499",1518,"SOUMANOU L",2.3912362,6.3702928
"1500",1519,"GUEANT J L",NA,NA
"1501",1520,"GUEANTRODRIGUEZ R M",NA,NA
"1502",1521,"MUTCHINICK O M",NA,NA
"1503",1522,"DEBARD R",NA,NA
"1504",1523,"PAYET C",NA,NA
"1505",1524,"LU X H",NA,NA
"1506",1525,"VILLAUME C",NA,NA
"1507",1526,"BRONOWICKI J P",NA,NA
"1508",1527,"QUADROS E V",NA,NA
"1509",1528,"AMOUZOU E",NA,NA
"1510",1529,"XIA B",NA,NA
"1511",1530,"CHEN M",NA,NA
"1512",1531,"ANELLO G",NA,NA
"1513",1532,"BOSCO P",NA,NA
"1514",1533,"ROMANO C",NA,NA
"1515",1534,"ARRIETA H R",NA,NA
"1516",1535,"SANCHEZ B E",NA,NA
"1517",1536,"HERBETH B",NA,NA
"1518",1537,"ANWAR W",NA,NA
"1519",1538,"NAMOUR F",NA,NA
"1520",1539,"LYSANIUK B",2.3522219,48.856614
"1521",1541,"TARONBROCARD C",NA,NA
"1522",1542,"YALES A",NA,NA
"1523",1543,"ESTEVEZ P T",-0.1277583,51.5073509
"1524",1544,"TOTO J C",NA,NA
"1525",1545,"LEMOINE J P",NA,NA
"1526",1546,"DE LISLE M L C",NA,NA
"1527",1547,"HOUANSOU J",NA,NA
"1528",1548,"DAN V",NA,NA
"1529",1549,"AKPONA S",NA,NA
"1530",1550,"SENGHOR S",-16.4818167,16.0326307
"1531",1551,"SECK M",-16.4818167,16.0326307
"1532",1552,"SCHACHT A M",NA,NA
"1533",1553,"MARLIN T",NA,NA
"1534",1554,"ASSOGBAKOMLAN F",NA,NA
"1535",1555,"HOUNDETE T",NA,NA
"1536",1556,"KENDALL L",-16.6910322,13.4696557
"1537",1558,"AGBOGAN M",2.3912362,6.3702928
"1538",1559,"JAFARIGUEMOURI S",NA,NA
"1539",1560,"MANGA L",NA,NA
"1540",1561,"LARDEUX F",NA,NA
"1541",1562,"KEATING J",-90.0715323,29.9510658
"1542",1563,"EISELE T P",-90.0715323,29.9510658
"1543",1564,"YUKICH J O",-90.0715323,29.9510658
"1544",1565,"WITZIG C",-2.9436643,53.3976041
"1545",1566,"MENSAH O A",NA,NA
"1546",1567,"KUMARANAYAKE L",NA,NA
"1547",1568,"BRUNO L",NA,NA
"1548",1570,"MAKOUTODE C P",2.3912362,6.3702928
"1549",1571,"DURAND B",2.429443,48.801148
"1550",1572,"ZIMEDIAWARA H",NA,NA
"1551",1573,"PIEL G",5.5796662,50.6325574
"1552",1574,"TIENDREBEOGO J",-3.8553507,12.7430244
"1553",1575,"BOULANGER D",NA,NA
"1554",1576,"LACROIX M N",NA,NA
"1555",1577,"OGOUYEMIHOUNTO A",NA,NA
"1556",1578,"DALMEIDA S",NA,NA
"1557",1579,"KOUSSIHOUDE L",2.3912362,6.3702928
"1558",1580,"OLLO E",2.3912362,6.3702928
"1559",1581,"MAIGAASCOFARE O",NA,NA
"1560",1582,"MAZMOUZ R",NA,NA
"1561",1583,"FALCAO S",NA,NA
"1562",1584,"BROUSSIER E",NA,NA
"1563",1585,"LEPERE J F",NA,NA
"1564",1586,"JEANFRANCOIS V",NA,NA
"1565",1587,"APAIREMARCHAIS V",NA,NA
"1566",1588,"MALCOLM C",NA,NA
"1567",1589,"MOGENSEN K",NA,NA
"1568",1590,"MARQUINE M",NA,NA
"1569",1591,"LATOUNDJI S",2.3912362,6.3702928
"1570",1592,"JONES R",-0.1277583,51.5073509
"1571",1593,"DOWD A J",-2.9436643,53.3976041
"1572",1594,"HUANG F",121.473701,31.230416
"1573",1595,"CHEN J H",NA,NA
"1574",1596,"ZHOU S S",NA,NA
"1575",1597,"TANG L H",NA,NA
"1576",1598,"DARRIER F",NA,NA
"1577",1599,"MALES S",NA,NA
"1578",1600,"AMAMBUANGWA A",NA,NA
"1579",1601,"MUHAMMAD A K",-16.6910322,13.4696557
"1580",1602,"DAHLSTROM S",2.3522219,48.856614
"1581",1603,"YACOUBOU I",NA,NA
"1582",1605,"OLESANGBA M",NA,NA
"1583",1606,"NAMOUNTOUGOU M",NA,NA
"1584",1607,"FADEGNON G",2.3912362,6.3702928
"1585",1608,"DALESSANDRE U",NA,NA
"1586",1609,"MURRAY C J L",-122.3320708,47.6062095
"1587",1610,"ORTBLAD K F",-122.3320708,47.6062095
"1588",1611,"GUINOVART C",-122.3320708,47.6062095
"1589",1612,"LIM S S",NA,NA
"1590",1613,"WOLOCK T M",-122.3320708,47.6062095
"1591",1614,"ROBERTS D A",-122.3320708,47.6062095
"1592",1615,"DANSEREAU E A",-122.3320708,47.6062095
"1593",1616,"GRAETZ N",-122.3320708,47.6062095
"1594",1617,"BARBER R M",-122.3320708,47.6062095
"1595",1618,"BROWN J C",-122.3320708,47.6062095
"1596",1619,"WANG H D",-122.3320708,47.6062095
"1597",1620,"DUBER H C",-122.3320708,47.6062095
"1598",1621,"NAGHAVI M",-122.3320708,47.6062095
"1599",1622,"DICKER D",-122.3320708,47.6062095
"1600",1623,"HEUTON K R",-122.3320708,47.6062095
"1601",1624,"PHILLIPS D E",-122.3320708,47.6062095
"1602",1625,"FLEMING T D",-122.3320708,47.6062095
"1603",1626,"FLAXMAN A D",-122.3320708,47.6062095
"1604",1627,"PHILLIPS B K",-122.3320708,47.6062095
"1605",1628,"COGGESHALL M S",-122.3320708,47.6062095
"1606",1629,"ABDALLAH F",NA,NA
"1607",1630,"ABURADDAD L J",NA,NA
"1608",1631,"ABURMEILEH N M",NA,NA
"1609",1632,"ALCALACERRA G",NA,NA
"1610",1633,"ALFONSOCRISTANCHO R",NA,NA
"1611",1634,"ALVISGUZMAN N",NA,NA
"1612",1635,"CASTANEDAORJUELA C A",NA,NA
"1613",1636,"CATALALOPEZ F",NA,NA
"1614",1637,"CHANG J C",NA,NA
"1615",1638,"CHIANG P P C",NA,NA
"1616",1639,"CHUANG T W",NA,NA
"1617",1640,"DEL POZOCRUZ B",NA,NA
"1618",1641,"FERESHTEHNEJAD S M",NA,NA
"1619",1642,"FOROUZANFAR M H",-122.3320708,47.6062095
"1620",1643,"HAFEZINEJAD N",NA,NA
"1621",1644,"KHANG Y H",NA,NA
"1622",1645,"LEE J T",NA,NA
"1623",1646,"LIN H H",NA,NA
"1624",1647,"MAGISRODRIGUEZ C",NA,NA
"1625",1648,"MASONJONES A J",NA,NA
"1626",1649,"MEJIARODRIGUEZ F",NA,NA
"1627",1650,"MOKDAD A H",-122.3320708,47.6062095
"1628",1651,"NG M",-122.3320708,47.6062095
"1629",1652,"OH I H",NA,NA
"1630",1653,"RAHIMIMOVAGHAR V",NA,NA
"1631",1654,"SERVANMORI E E",NA,NA
"1632",1655,"THORNELYMAN A L",NA,NA
"1633",1656,"YOON S J",NA,NA
"1634",1657,"VOS T",-122.3320708,47.6062095
"1635",1658,"CERCAMONDI C I",8.541694,47.3768866
"1636",1659,"EGLI I M",NA,NA
"1637",1660,"ZEDER C",NA,NA
"1638",1661,"ZOLASAHOSSI J",NA,NA
"1639",1662,"EKALA M T",NA,NA
"1640",1663,"JOUIN H",NA,NA
"1641",1664,"LEKOULOU F",NA,NA
"1642",1665,"MARRAST A C",NA,NA
"1643",1666,"SOME F A",NA,NA
"1644",1667,"KOCKEN C H M",NA,NA
"1645",1668,"NARUM D L",NA,NA
"1646",1669,"AYIVI B",NA,NA
"1647",1670,"DUBBELD M A",NA,NA
"1648",1671,"VAN DER WEL A",NA,NA
"1649",1672,"THOMAS A W",NA,NA
"1650",1673,"ALAOFE H",-71.2079809,46.8138783
"1651",1674,"OBRIEN H T",NA,NA
"1652",1675,"RUSTICO T",2.3522219,48.856614
"1653",1676,"SPEYBROECK N",4.3517211,50.8503463
"1654",1677,"MOLLAHOSSEINI A",-7.9304397,37.0193548
"1655",1678,"SHAHBAZKIA H R",-7.9304397,37.0193548
"1656",1679,"LEONETTI J P",NA,NA
"1657",1680,"PRICE R N",130.8456418,-12.4634403
"1658",1681,"DUGOUJON J M",NA,NA
"1659",1682,"ADJAGBAOLAKPO M",NA,NA
"1660",1683,"CHABIWOROU N",NA,NA
"1661",1684,"BJELIC I",-74.0059413,40.7127837
"1662",1687,"EUGENE K",NA,NA
"1663",1688,"CHENOU F",2.3912362,6.3702928
"1664",1689,"DJILALISAIAH A",NA,NA
"1665",1691,"MARCOMBE S",3.876716,43.610769
"1666",1692,"POCQUET N",3.876716,43.610769
"1667",1693,"RIAZ M A",NA,NA
"1668",1694,"DAVID J P",NA,NA
"1669",1695,"MAIGA O",NA,NA
"1670",1696,"HUBERT V",NA,NA
"1671",1697,"NSIMBA B",NA,NA
"1672",1698,"KORAM K",NA,NA
"1673",1700,"FERNANDO A",2.3912362,6.3702928
"1674",1701,"EKANMIAN V",NA,NA
"1675",1702,"BAKIONO F",2.3912362,6.3702928
"1676",1703,"LEES R S",16.3738189,48.2081743
"1677",1704,"EGYIRYAWSON A",NA,NA
"1678",1705,"HASSAN M M",NA,NA
"1679",1706,"PEREZ J",3.876716,43.610769
"1680",1707,"BENNETT K L",-2.7044052,53.7632254
"1681",1708,"LINTON Y M",NA,NA
"1682",1709,"WALTON C",-2.7044052,53.7632254
"1683",1710,"SKOVMAND O",3.8975051,43.6329827
"1684",1711,"BOSSELMANN R",3.8975051,43.6329827
"1685",1712,"ADEOTI R",2.3912362,6.3702928
"1686",1713,"CLAVIER N",NA,NA
"1687",1714,"RAHIMY C",NA,NA
"1688",1715,"PAYEN D",NA,NA
"1689",1716,"AGBOTONZOUMENOU M A",NA,NA
"1690",1717,"SICURI E",2.1734035,41.3850639
"1691",1718,"GNANKINE O",-1.5196603,12.3714277
"1692",1719,"BIRKS D P",-2.9436643,53.3976041
"1693",1720,"STEEN K",-2.9436643,53.3976041
"1694",1721,"RIPPON E J",-2.9436643,53.3976041
"1695",1722,"CLARKSON C S",-2.9436643,53.3976041
"1696",1724,"OUARI A",-4.3051542,11.1649219
"1697",1725,"DJOSSOU L",2.3912362,6.3702928
"1698",1726,"CLEMENT M C",NA,NA
"1699",1728,"RASHED S",NA,NA
"1700",1729,"DONGIER P",NA,NA
"1701",1730,"GBAGUIDI C C",NA,NA
"1702",1731,"LALEYE S",NA,NA
"1703",1732,"TCHOBO S",NA,NA
"1704",1733,"GYORKOS T W",NA,NA
"1705",1734,"MACLEAN J D",NA,NA
"1706",1735,"MOREAU R",NA,NA
"1707",1736,"GUEVART E",2.3912362,6.3702928
"1708",1737,"ABATE L",3.876716,43.610769
"1709",1738,"DJIKPOTCHIBOZO M A",NA,NA
"1710",1739,"TOUKOUROU F",2.3912362,6.3702928
"1711",1740,"CURTIS C",NA,NA
"1712",1741,"KOUDENOUKPO S",2.3912362,6.3702928
"1713",1742,"DOSSOUYOVO O P",NA,NA
"1714",1743,"WEIR V",-0.1277583,51.5073509
"1715",1744,"SMITH T A",NA,NA
"1716",1745,"CHEN D",-74.0059413,40.7127837
"1717",1746,"SYTEK A L",-74.0059413,40.7127837
"1718",1747,"BROWN S M",-74.0059413,40.7127837
"1719",1748,"YAKOUBOU S",NA,NA
"1720",1749,"MOYAALVAREZ V",NA,NA
"1721",1750,"YOUM O",2.3912362,6.3702928
"1722",1751,"VAYSSIERES J F",NA,NA
"1723",1752,"TOGOLA A",2.3912362,6.3702928
"1724",1753,"MARSOLLIER L",NA,NA
"1725",1754,"SEVERIN T",NA,NA
"1726",1755,"AUBRY J",NA,NA
"1727",1756,"MERRITT R W",NA,NA
"1728",1757,"SAINT ANDRE J P",NA,NA
"1729",1758,"LEGRAS P",NA,NA
"1730",1759,"MANCEAU A L",NA,NA
"1731",1760,"CHAUTY A",NA,NA
"1732",1761,"CARBONNELLE B",NA,NA
"1733",1762,"COLE S T",NA,NA
"1734",1763,"MATHIEUDAUDE F",NA,NA
"1735",1764,"CLARE S",-2.9436643,53.3976041
"1736",1765,"MORGAN J C",-2.9436643,53.3976041
"1737",1766,"TUIKUENDAM N",NA,NA
"1738",1767,"DIMI D",NA,NA
"1739",1768,"SOSSOUTCHATCHA S",NA,NA
"1740",1769,"ABAGLI A Z",2.3912362,6.3702928
"1741",1770,"ALAVO T B C",2.3912362,6.3702928
"1742",1771,"OCONNELL K A",NA,NA
"1743",1772,"GATAKAA H",36.8219462,-1.2920659
"1744",1773,"POYER S",36.8219462,-1.2920659
"1745",1774,"NJOGU J",36.8219462,-1.2920659
"1746",1775,"EVANCE I",36.8219462,-1.2920659
"1747",1776,"MUNROE E",36.8219462,-1.2920659
"1748",1777,"SOLOMON T",36.8219462,-1.2920659
"1749",1778,"SHEWCHUK T",36.8219462,-1.2920659
"1750",1782,"YETEIN M H",2.3912362,6.3702928
"1751",1783,"TENTE B",2.3912362,6.3702928
"1752",1784,"VAN OVERMEIT C",NA,NA
"1753",1785,"DEBRUS B",NA,NA
"1754",1786,"HUBERT P",NA,NA
"1755",1787,"ROZET E",5.5796662,50.6325574
"1756",1788,"LEHESRAN J Y",NA,NA
"1757",1789,"OLAGNIER D",1.444209,43.604652
"1758",1790,"MAJOREL C",1.444209,43.604652
"1759",1791,"MIMAR S",1.444209,43.604652
"1760",1792,"PIPY B",1.444209,43.604652
"1761",1793,"COSTE A",1.444209,43.604652
"1762",1794,"ZUMBO B",NA,NA
"1763",1795,"LITTRELL M",36.8219462,-1.2920659
"1764",1796,"BROUWER I D",5.6653948,51.9691868
"1765",1797,"MELSEBOONSTRA A",NA,NA
"1766",1798,"MOUQUETRIVIER C",NA,NA
"1767",1799,"MAZIYADIXON B",NA,NA
"1768",1800,"VERHOEF H",5.6653948,51.9691868
"1769",1801,"BRUN R",NA,NA
"1770",1802,"ANTON R",NA,NA
"1771",1803,"KUSIMO M O",2.3912362,6.3702928
"1772",1804,"PALAFOX B",-0.1277583,51.5073509
"1773",1805,"PATOUILLARD E",-0.1277583,51.5073509
"1774",1806,"TOUGHER S",-0.1277583,51.5073509
"1775",1807,"RUEDA S T",-0.1277583,51.5073509
"1776",1808,"TUBERTBITTER P",NA,NA
"1777",1809,"CRITCHLEY J",-0.1277583,51.5073509
"1778",1810,"MACE K E",-84.3879824,33.7489954
"1779",1811,"GUEYE A S",-84.3879824,33.7489954
"1780",1812,"LYNCH M F",-84.3879824,33.7489954
"1781",1813,"LAVIALLEDEFAIX C",NA,NA
"1782",1814,"LEGROS C",-0.563166,47.478419
"1783",1815,"AWONOAMBENE H P",NA,NA
"1784",1816,"BRADLEY J",-0.1277583,51.5073509
"1785",1817,"WEST P",-0.1277583,51.5073509
"1786",1818,"OKESOPOH M",NA,NA
"1787",1819,"AGBO K",NA,NA
"1788",1820,"GUIGUEMDE R",NA,NA
"1789",1821,"HEIDECKER J",NA,NA
"1790",1822,"SAIZONOU JACQUES",2.3912362,6.3702928
"1791",1823,"MAIGA H",-8.0028892,12.6392316
"1792",1824,"TOURE OFFIANAN A",-4.0082563,5.3599517
